Workbook
Name S1_สร้าง_กฟภ._ให้เติบโตอย่างยั่งยืน: S!$C$3:$C$12
Name SO1_ยกระดับการบริหาร_จัดการระดับสากล_เพื่อสร้าง_ความยั่งยืน: S!$B$3:$B$12
Name ยุทธศาสตร์: S!$C$2:$C$12
Name วัตถุประสงค์เชิงยุทธศาสตร์: S!$B$2:$B$12

Sheet ปก
A10: แบบฟอร์มเสนอขอตั้งงบประมาณลงทุน
A11: เพื่อการดำเนินงานปกติ ประจำปี 2568

Sheet รายชื่อฟอร์ม
A1: แบบฟอร์มเสนอขอตั้งงบประมาณลงทุน
A2: เพื่อการดำเนินงานปกติ ประจำปี 2568
A4: 1. | B4: แบบ งป.003 | C4: สรุปวงเงินงบประมาณลงทุนเพื่อการดำเนินงานปกติ ที่ขอตั้งประจำปี 2568
A5: 2. | B5: แบบ งป.004/1 - งป.004/5 | C5: แบบข้อมูลพื้นฐานของงาน
A6: 3. | B6: แบบ งป.005 | C6: รายละเอียดงานในหมวดที่ดิน
A7: 4. | B7: แบบ งป.006 | C7: รายละเอียดงานในหมวดสิ่งก่อสร้าง งานโยธา
A8: 5. | B8: แบบ งป.007 | C8: รายละเอียดงานในหมวดสิ่งก่อสร้าง ค่าวัสดุอุปกรณ์ของงานระบบไฟฟ้า
A9: 6. | B9: แบบ งป.008 | C9: รายละเอียดงานในหมวดเครื่องจักรอุปกรณ์/หมวดยานพาหนะ/
C10: หมวดเครื่องมือเครื่องใช้ขนาดเล็ก/หมวดวิจัยและพัฒนา/หมวดอื่นๆ
A11: 7. | B11: แบบ งป.009 | C11: รายงานความก้าวหน้าของแผนจัดซื้อ/จัดจ้างตามงบลงทุนเพื่อการดำเนินงานปกติ
A12: 8. | B12: แบบ งป.010/1 | C12: แผนการลงทุนรายปี
A13: 9. | B13: แบบ งป.010/2 | C13: แผนการจ่ายเงินตามงบผูกพันปี 2568 (กรณีแผนระยะยาว/งานต่อเนื่อง)
A14: 10. | B14: แบบ งป.010/3 | C14: เป้าหมายการเบิกจ่ายรายเดือน ปี 2568 แยกรายภาคและสำนักงานใหญ่
A15: 11. | B15: แบบ งป.011 | C15: ประมาณการวัสดุอุปกรณ์นำเข้าจากต่างประเทศ (Import Content) ปี 2568
A16: 12. | B16: แบบ งป.012/1 | C16: การจัดทำงบประมาณสัญญาเช่าที่ไม่ก่อให้เกิดรายได้จากกิจกรรมหลัก ปี 2567
A17: 13. | B17: แบบ งป.012/2 | C17: การจัดทำงบประมาณสัญญาเช่าที่ไม่ก่อให้เกิดรายได้จากกิจกรรมหลัก ปี 2568
A18: 14. | B18: แบบ งป.012/3 | C18: การจัดทำงบประมาณสัญญาเช่าที่ไม่ก่อให้เกิดรายได้จากกิจกรรมหลัก ปี 2569
A19: 15. | B19: แบบ งป.012/4 | C19: การจัดทำงบประมาณสัญญาเช่าที่ไม่ก่อให้เกิดรายได้จากกิจกรรมหลัก ปี 2570
A20: 16. | B20: แบบ งป.012/5 | C20: การจัดทำงบประมาณสัญญาเช่าที่ไม่ก่อให้เกิดรายได้จากกิจกรรมหลัก ปี 2571

Sheet 003
D1: แบบ งป.003
A2: สรุปวงเงินงบประมาณลงทุนเพื่อการดำเนินงานปกติ
A3: ที่ขอตั้งประจำปี 2568
A4: หน่วยงาน สายงานวางแผนและวิศวกรรม
A5: กลุ่มโครงสร้าง………………………………………
D6: หน่วย : บาท
A7: ที่ | B7: ชื่องาน | D7: วงเงินเสนอ
D8: ขอตั้งปี 2568 *
A9: 1 | B9: แผนงานสนับสนุนการดำเนินงาน ระยะที่ 6 | D9: ='004-4'!M23 -> 2868110000
A32: รวม | D32: =D9 -> 2868110000
A33: *หมายเหตุ | B33: แผนงานระยะยาว กรอกจำนวนเงินที่ขอตั้งดำเนินการในปีงบประมาณ 2568

Sheet 004-1
L1: แบบ งป.004/1
A2: แบบข้อมูลพื้นฐานของงาน
A3: (งบลงทุนเพื่อการดำเนินงานปกติ)
A5: 1. | B5: ชื่องาน/แผนงาน | D5: แผนงานสนับสนุนการดำเนินงาน ระยะที่ 6
A6: 2. รายละเอียดของงาน/แผนงาน
B7: 2.1 ผู้รับผิดชอบ | D7: แผนก : …..…...................……………………………………………............……………………............................
D8: กอง : ….......……......…………………………… | G8: ฝ่าย : .....…..................…………………………………………
D9: สายงาน : วางแผนและวิศวกรรม
B10: 2.2 ความจำเป็นในการดำเนินงาน (ทำเครื่องหมาย ü)
C11: ( ) | D11: มีสัญญา ข้อผูกพัน หรือมีเงื่อนไขที่ต้องดำเนินการ | I11: ( ) | J11: นโยบายสำคัญของรัฐบาล
C12: ( ü ) | D12: นโยบายสำคัญของ กฟภ. | I12: ( ) | J12: อื่นๆ ..........................…………………
B13: 2.3 ประเภทการลงทุน (ทำเครื่องหมาย ü)
C14: ( ) งานก่อสร้าง ขยายเขตและปรับปรุงระบบจำหน่าย | I14: ( ) | J14: งานบำรุงรักษาด้านระบบไฟฟ้า
C15: ( ) งานติดตั้งระบบศูนย์สั่งการจ่ายไฟ | I15: ( ) | J15: งาน IT
C16: (ü) งานจัดหาที่ดิน อาคาร ยานพาหนะ และ | I16: ( ) | J16: งานพัฒนาระบบสื่อสาร
D17: เครื่องมือเครื่องใช้ต่างๆ
A18: 2.4 สถานะของงาน | E18: ( ) | F18: งาน/แผนงาน ต่อเนื่อง | I18: ( ü ) | J18: งาน/แผนงาน ใหม่
A19: 2.5 ได้รับอนุมัติจาก | E19: ( ü ) | F19: ผวก. ลงนาม ให้นำเสนอ คณะกรรมการ กฝภ. วันที่ 4 ตุลาคม 2566
E20: ( ) | F20: คณะกรรมการ กฟภ. วันที่ .......................................................................
E21: ( ) | F21: คณะรัฐมนตรี วันที่ ....................................................................................
A22: 2.6 พื้นที่ดำเนินการ ..........ทั่วประเทศ.............
A23: 2.7 ระยะเวลาดำเนินการ .................5............... ปี (ปี 2568 - 2572)
A24: 2.8 วงเงินลงทุนทั้งสิ้น ของงาน/แผนงาน | G24: .....................6,150,000,000.................................................... | K24: บาท
A25: 2.9 วงเงินลงทุนปี 2568 ของงาน/แผนงาน | G25: .....................2,868,110,000.................................................... | K25: บาท
A26: 2.10 เป้าหมายการเบิกจ่ายงบลงทุนปี 2568 | G26: ........................348,545,000.................................................... | K26: บาท
A27: 2.11 วงเงิน งบทำการ ที่ขอตั้งในปี 2568 (ถ้ามี) | G27: ......................................................................... | K27: บาท
A28: 3. วัตถุประสงค์ของงาน/แผนงาน
C29: จัดหาสิ่งสนับสนุนในการดำเนินงานให้เพียงพอกับความต้องการ เพื่อให้ปฏิบัติงานได้อย่างมีประสิทธิภาพสูงสุด
B30: สามารถให้บริการลูกค้าได้ทันต่อความต้องการมากขึ้น ได้รับความสะดวกรวดเร็วในการติดต่องาน สร้างความพึงพอใจ และ
B31: เกิดภาพลักษณ์ที่ดีต่อการไฟฟ้าส่วนภูมิภาค

Sheet 004-2
H1: แบบ งป.004/2
C3: 4. ผลประโยชน์ที่คาดว่าจะได้รับ
D4: 4.1 ผลประโยชน์ที่คาดว่าจะได้รับหลังเสร็จสิ้นงาน/แผนงาน
D5: - ผลผลิต(Output)
E6: ที่ดิน | G6: จำนวน | H6: 56 | I6: รายการ
E7: อาคารสำนักงาน และสิ่งประกอบ | G7: จำนวน | H7: 31 | I7: รายการ
E8: เครื่องมือเครื่องใช้ | G8: จำนวน | H8: 970 | I8: รายการ
E9: ยานพาหนะ | G9: จำนวน | H9: 264 | I9: รายการ
D10: - ผลลัพธ์(Outcome) กฟภ. ได้รับสิ่งสนับสนุนในการดำเนินงานเพียงพอกับความต้องการ สามารถ
D11: ปฏิบัติงานได้มีประสิทธิภาพสูงสุด สามารถให้บริการลูกค้าได้ทันต่อความต้องการ ได้รับความสะดวก
D12: รวดเร็วในการติดต่องาน
D13: 4.2 ผลประโยชน์ที่คาดว่าจะได้รับในปี 2568 (กรณีเป็นแผนงานระยะยาว)
D14: - ผลผลิต(Output) ................................................................................................................................
D15: .......................................................................................................................................................................
D16: - ผลลัพธ์(Outcome) ...........................................................................................................................
D17: .......................................................................................................................................................................
C18: 5. การวิเคราะห์ผลกระทบทางธุรกิจ
D19: 5.1 ผลกระทบต่อองค์กร
E20: .............................................................................................................................................................
D21: .......................................................................................................................................................................
D22: 5.2 ผลกระทบต่อชุมชน สังคม และสิ่งแวดล้อม
E23: ............................................................................................................................................................
D24: .......................................................................................................................................................................
C25: 6. ผลกระทบจากการไม่ได้รับพิจารณาให้ตั้งงบประมาณ
D26: ทำให้ กฟภ. ไม่ได้รับสิ่งสนับสนุนการดำเนินงานที่เพียงพอทำให้ไม่สามารถปฏิบัติงานได้อย่างเต็ม
C27: ประสิทธิภาพ ล่าช้า และไม่สามารถให้บริการลูกค้าได้ทันต่อความต้องการ ไม่ก่อให้เกิดภาพลักษณ์ที่ดีต่อ กฟภ.
C28: 7. ปัญหา อุปสรรค และแนวทางในการแก้ไขปัญหา อุปสรรค
D29: ......................................................................................................................................................................
C30: ...............................................................................................................................................................................
C31: 8. รายงานความก้าวหน้าของแผนจัดซื้อ/จัดจ้างตามแผนงานปกติ แบบ งป.009
C32: 9. แผนการลงทุนรายปี ในกรณีที่ทำมากกว่า 1 ปี ตาม งป.010/1
D33: และแผนการจ่ายเงินตามงบผูกพัน(กรณีแผนระยะยาว/งานต่อเนื่อง) ตาม งป.010/2
C34: 10. เป้าหมายการเบิกจ่ายรายเดือน แยกรายภาคและสำนักงานใหญ่ ตาม งป.010/3
C35: 11. ประมาณการวัสดุอุปกรณ์นำเข้าจากต่างประเทศ ตามแบบ งป.011
A36: 12. | B36: การวิเคราะห์ประโยชน์และความคุ้มค่างาน/แผนงาน
C37: - | D37: ประมาณการผลตอบแทนงาน/แผนงาน
F38: ระยะเวลาคืนทุน (Payback Period) | G38: ................................... | H38: ปี
F39: อัตราผลตอบแทนเฉลี่ยรายปี (IRR) | G39: ................................... | H39: %
F40: มูลค่าปัจจุบันสุทธิ (NPV) | G40: ................................... | H40: ล้านบาท
F41: อัตราผลตอบแทนเฉลี่ยด้านการเงิน (FIRR) | G41: ................................... | H41: %
F42: อัตราผลตอบแทนเฉลี่ยด้านเศรษฐศาสตร์ (EIRR) | G42: ................................... | H42: %

Sheet S
B1: วัตถุประสงค์เชิงยุทธศาสตร์ | C1: ยุทธศาสตร์ | D1: กลยุทธ์ | H1: BSC
A2: SO1 ยกระดับการบริหารจัดการระดับสากลเพื่อสร้างความยั่งยืน | B2: SO1 ยกระดับการบริหารจัดการระดับสากลเพื่อสร้างความยั่งยืน | C2: S1 สร้าง กฟภ. ให้เติบโตอย่างยั่งยืน | H2: เป้าหมายองค์กร (Financial Goal)
A3: SO2 ระบบจําหน่ายที่มีประสิทธิภาพและสร้างความน่าเชื่อถือ ต่อลูกค้า และทุกกลุ่มผู้มีส่วนได้ส่วนเสีย | B3: SO1 ยกระดับการบริหารจัดการระดับสากลเพื่อสร้างความยั่งยืน | C3: S2 ยกระดับการบริหารทุนมนุษย์ | H3: ลูกค้า (Customer Goal)
A4: SO3 เสริมสร้างศักยภาพด้าน Digital Utility และ มุ่งสู่การเป็นผู้นํา ระบบไฟฟ้าในอนาคตระดับภูมิภาค | B4: SO1 ยกระดับการบริหารจัดการระดับสากลเพื่อสร้างความยั่งยืน | C4: S3 ส่งเสริมและพัฒนาขีดความสามารถด้วยเทคโนโลยีดิจิทัล (Digital Technology) ที่มีความมั่นคงปลอดภัย เพื่อการขับเคลื่อนองค์กร อย่างมีประสิทธิภาพ (Digital Transformation) | H4: กระบวนการภายใน (Internal Process Goal)
A5: SO4 ยกระดับผลประกอบการและทิศทางของ PEA Portfolio | B5: SO1 ยกระดับการบริหารจัดการระดับสากลเพื่อสร้างความยั่งยืน | C5: S4 การพัฒนาระบบจัดการนวัตกรรมองค์กร (Corporate Innovation System :CIS) | H5: การเรียนรู้และพัฒนา (Learning & Growth)
B6: SO2 ระบบจําหน่ายที่มีประสิทธิภาพและสร้างความน่าเชื่อถือ ต่อลูกค้า และทุกกลุ่มผู้มีส่วนได้ส่วนเสีย | C6: S5 พัฒนาระบบจําหน่ายที่ได้คุณภาพในระดับชั้นนําของภูมิภาค
B7: SO2 ระบบจําหน่ายที่มีประสิทธิภาพและสร้างความน่าเชื่อถือ ต่อลูกค้า และทุกกลุ่มผู้มีส่วนได้ส่วนเสีย | C7: S6 ยกระดับความพึงพอใจและความผูกพันของลูกค้าและกลุ่มผู้มี ส่วนได้ส่วนเสีย
B8: SO3 เสริมสร้างศักยภาพด้าน Digital Utility และ มุ่งสู่การเป็นผู้นํา ระบบไฟฟ้าในอนาคตระดับภูมิภาค | C8: S7 ยกระดับ Grid Modernization Roadmap & Implementation
B9: SO3 เสริมสร้างศักยภาพด้าน Digital Utility และ มุ่งสู่การเป็นผู้นํา ระบบไฟฟ้าในอนาคตระดับภูมิภาค | C9: S8 ส่งเสริมบทบาท กฟภ. ในการผลักดันบทบาทเพื่อรองรับนโยบาย การเปิดไฟฟ้าเสรี
B10: SO4 ยกระดับผลประกอบการและทิศทางของ PEA Portfolio | C10: S9 การกําหนดทิศทางเชิงยุทธศาสตร์ระหว่าง กฟภ. และบริษัทในเครือ
B11: SO4 ยกระดับผลประกอบการและทิศทางของ PEA Portfolio | C11: S10 การดําเนินงานตามแผนสําหรับธุรกิจเกี่ยวเนื่อง และการบริหาร Product Portfolio
B12: SO4 ยกระดับผลประกอบการและทิศทางของ PEA Portfolio | C12: S11 การปรับปรุงกฎระเบียบที่เกี่ยวข้องให้มีความคล่องตัว และ สามารถแข่งขันได้
B13: S1 สร้าง กฟภ. ให้เติบโตอย่างยั่งยืน | C13: OC1 วิเคราะห GAP และแนวทางการผลักดันองคกรสูความยั่งยืน
B14: S1 สร้าง กฟภ. ให้เติบโตอย่างยั่งยืน | C14: OC2 สนับสนุนการใชพลังงานอยางมีประสิทธิภาพ
B15: S2 ยกระดับการบริหารทุนมนุษย์ | C15: HCM1 สงเสริมการบริหารทุนมนุษยโดยใชเทคโนโลยีดิจิทัลในการพัฒนาระบบงานดาน HCM
B16: S2 ยกระดับการบริหารทุนมนุษย์ | C16: HCM2 พัฒนาระบบการเรียนรูและพัฒนาในการเสริมสรางและยกระดับสมรรถนะของบุคลากร
B17: S3 ส่งเสริมและพัฒนาขีดความสามารถด้วยเทคโนโลยีดิจิทัล (Digital Technology) ที่มีความมั่นคงปลอดภัย เพื่อการขับเคลื่อนองค์กร อย่างมีประสิทธิภาพ (Digital Transformation) | C17: DT1 พัฒนาขีดความสามารถดานเทคโนโลยีดิจิทัล เพื่อสะทอนถึงประสิทธิภาพของการบริหารคาใชจายและประสิทธิภาพของกระบวนการดําเนินงาน
... B31: S11 การปรับปรุงกฎระเบียบที่เกี่ยวข้องให้มีความคล่องตัว และ สามารถแข่งขันได้ | C31: RS1 ทบทวนกฎหมายระเบียบ ขอบังคับ เพื่อรองรับการดําเนินงานในธุรกิจเกี่ยวเนื่อง รวมถึงกํากับการดําเนินงานของบริษัทในเครือ เพื่อใหเกิด Synergy
B35: S1 ยกระดับการบริหารองค์กรและทุนมนุษย์
B36: S2 ส่งเสริมและพัฒนาขีดความสามารถด้วย เทคโนโลยีดิจิทัล (Digital Technology) ที่มีความมั่นคงปลอดภัย เพื่อการขับเคลื่อน องค์กรอย่างมีประสิทธิภาพ (Digital Transformation)
B37: S3 พัฒนาระบบจัดการนวัตกรรมองค์กร (Corporate Innovation System :CIS)
B38: S4 พัฒนาระบบจำหน่ายที่ได้คุณภาพใน ระดับชั้นนำของภูมิภาค ตาม Grid Modernization Roadmap
B39: S5 ยกระดับความพึงพอใจและความผูกพัน ของลูกค้าและกลุ่มผู้มีส่วนได้ส่วนเสีย
B40: S6 กำหนดทิศทางเชิงยุทธศาสตร์ ระหว่าง กฟภ. และบริษัทในเครือ
B41: S7 ดำเนินงานตามแผนสำหรับธุรกิจเกี่ยวเนื่อง และ การบริหารกลุ่มผลิตภัณฑ์(Product Portfolio)
B42: S8 ปรับปรุงกฎระเบียบที่เกี่ยวข้องให้มี ความคล่องตัว และสามารถแข่งขันได้
B43: S9 ส่งเสริมบทบาท กฟภ. ในการขับเคลื่อนนโยบาย การเปิดเสรีกิจการไฟฟ้า
B44: S10 เติบโตอย่างยั่งยืน เพิ่ม Eco-efficiency
B45: S11 เพิ่มสัดส่วนไฟฟ้าจาก Renewable Energy

Sheet 004-3
W1: แบบ งป.004/3
A2: 13. เหตุผลและความจำเป็นของงาน/แผนงาน
B3: 13.1 การสนับสนุนต่อยุทธศาสตร์ และวัตถุประสงค์เชิงยุทธศาสตร์ (เลือกได้มากกว่า 1 ยุทธศาสตร์) (ทำเครื่องหมาย ü)
A4: SO1 | D4: SO2 | I4: SO3 | Q4: SO4
A5: ยกระดับการบริหารจัดการระดับสากลด้วย ดิจิทัลและนวัตกรรมโดยมีทุนมนุษย์เป็น แกนขับเคลื่อนสำคัญ | D5: พัฒนาระบบจำหน่ายที่มีประสิทธิภาพเชื่อถือได้และยกระดับสู่โครงข่ายอัจฉริยะ (Smart Grid) เพื่อเป็นผู้นำระบบไฟฟ้า ตอบสนองความพึงพอใจแก่ลูกค้าและผู้มีส่วนได้ส่วนเสีย | I5: ยกระดับผลประกอบการต่อยอดสู่ธุรกิจใหม่ มุ่งสู่การเปิดเสรีกิจการไฟฟ้า | Q5: เป็นองค์กรไฟฟ้าชั้นนำตอบโจทย์ ความท้าทายของประเทศเพื่อความยั่งยืน ของสังคมและสิ่งแวดล้อม
A6: ( ) | B6: S1 ยกระดับการบริหารองค์กรและทุนมนุษย์ | C6: .......% | D6: ( ) | E6: S4 พัฒนาระบบจำหน่ายที่ได้คุณภาพในระดับชั้นนำของภูมิภาค ตาม Grid Modernization Roadmap | G6: .......% | I6: ( ) | J6: S6 กำหนดทิศทางเชิงยุทธศาสตร์ ระหว่าง กฟภ.และบริษัทในเครือ | O6: .......% | Q6: ( ) | R6: S10 เติบโตอย่างยั่งยืน เพิ่ม Eco-efficiency | X6: .......%
A7: ( ) | B7: S2 ส่งเสริมและพัฒนาขีดความสามารถด้วยเทคโนโลยีดิจิทัล (Digital Technology) ที่มีความมั่นคงปลอดภัย เพื่อการขับเคลื่อนองค์กรอย่างมีประสิทธิภาพ (Digital Transformation) | C7: .......% | D7: (ü ) | E7: S5 ยกระดับความพึงพอใจและความผูกพันของลูกค้าและกลุ่มผู้มีส่วนได้ส่วนเสีย | G7: 1 | I7: ( ) | J7: S7 ดำเนินงานตามแผนสำหรับธุรกิจเกี่ยวเนื่อง และการบริหารกลุ่มผลิตภัณฑ์ (Product Portfolio) | O7: .......% | Q7: ( ) | R7: S11 เพิ่มสัดส่วนไฟฟ้าจาก Renewable Energy | X7: .......%
A8: ( ) | B8: S3 พัฒนาระบบจัดการนวัตกรรมองค์กร (Corporate Innovation System :CIS) | C8: .......% | I8: ( ) | J8: S8 ปรับปรุงกฎระเบียบที่เกี่ยวข้องให้มีความคล่องตัว และสามารถแข่งขันได้ | O8: .......%
I9: ( ) | J9: S9 ส่งเสริมบทบาท กฟภ. ในการขับเคลื่อนนโยบาย การเปิดเสรีกิจการไฟฟ้า | O9: .......%
B10: หมายเหตุ : ทุกยุทธศาสตร์รวมกัน = 100%
B11: 13.2 การสนับสนุนต่อมุมมองตาม Balanced Scorecard
B12: มุมมอง : | C12: เป้าหมายองค์กร (Financial Goal)
B13: ตัวชี้วัดและเป้าหมาย : | C13: ความสำเร็จในการเบิกจ่ายเงิน
A15: 14. แนวทางในการดำเนินงานของงาน/แผนงาน
B16: 14.1 แผนการดำเนินงาน
A17: กิจกรรมหลัก | E17: หน่วยนับ | F17: ระยะเวลาดำเนินการ | X17: รวม
F18: ปีงบประมาณ | I18: ปี 68 | L18: ปี 69 | O18: ปี 70 | R18: ปี 71 | U18: ปี 72
F19: เริ่มต้น - ปี 65
A20: 1. | B20: หมวดที่ดิน | E20: ร้อยละ | I20: 0.19 | L20: 0.39 | O20: 0.42 | R20: =AE20 -> 0 | U20: =AF20 -> 0 | X20: =SUM(F20:W20) -> 1 | AB20: ='004-4'!O7 -> 0.188276 | AC20: ='004-4'!P7 -> 0.39466721 | AD20: ='004-4'!Q7 -> 0.41705679 | AE20: ='004-4'!R7 -> 0 | AF20: ='004-4'!S7 -> 0
A21: 2. | B21: หมวดสิ่งก่อสร้าง | E21: ร้อยละ | I21: 0.07 | L21: 0.49 | O21: 0.37 | R21: 0.03 | U21: 0.04 | X21: =SUM(F21:W21) -> 1 | AB21: ='004-4'!O9 -> 0.071624858 | AC21: ='004-4'!P9 -> 0.49386109 | AD21: ='004-4'!Q9 -> 0.36576327 | AE21: ='004-4'!R9 -> 0.030555906 | AF21: ='004-4'!S9 -> 0.038194882
A22: 3. | B22: หมวดเครื่องมือเครื่องใช้ | E22: ร้อยละ | I22: 0.25 | L22: 0.35 | O22: 0.4 | R22: =AE22 -> 0 | U22: =AF22 -> 0 | X22: =SUM(F22:W22) -> 1 | AB22: ='004-4'!O20 -> 0.24859924 | AC22: ='004-4'!P20 -> 0.35377584 | AD22: ='004-4'!Q20 -> 0.39762492 | AE22: ='004-4'!R20 -> 0 | AF22: ='004-4'!S20 -> 0
A23: 4. | B23: หมวดยานพาหนะ | E23: ร้อยละ | I23: 0.06 | L23: 0.27 | O23: 0.67 | R23: =AE23 -> 0 | U23: =AF23 -> 0 | X23: =SUM(F23:W23) -> 1 | AB23: ='004-4'!O19 -> 0.065124713 | AC23: ='004-4'!P19 -> 0.26962326 | AD23: ='004-4'!Q19 -> 0.66525203 | AE23: ='004-4'!R19 -> 0 | AF23: ='004-4'!S19 -> 0
A24: ร้อยละของงาน | I24: 0.12 | L24: 0.37 | O24: 0.49 | R24: 0.01 | U24: 0.01 | X24: 100
B25: ( ü ) ดำเนินการเอง ……100……… %
B26: ( ) จ้างเหมา ….……….……… %
B27: ( ) จ้างเหมาแบบ Turnkey

Sheet 004-4
M1: แบบ งป.004/4
B2: 14.2 งบประมาณลงทุนเพื่อการดำเนินงานปกติ ที่ขอตั้งประจำปี 2568
M3: หน่วย : บาท
A4: รายการ | F4: วงเงินดำเนินการ | H4: เป้าหมายการเบิกจ่าย(รายปี)
F5: ปี 2568 | H5: 2568 | I5: 2569 | J5: 2570 | K5: 2571 | L5: 2572 | M5: รวม
A6: เป้าหมายการเบิกจ่าย
A7: 1. หมวดที่ดิน (งป.005) | F7: ='005 (3)'!D26 -> 491300000 | H7: =วงเงิน!G5*1000000 -> 92500000 | I7: =วงเงิน!H5*1000000 -> 193900000 | J7: =วงเงิน!I5*1000000 -> 204900000 | M7: =SUM(H7:L7) -> 491300000 | O7: =H7/$F7 -> 0.188276 | P7: =I7/$F7 -> 0.39466721 | Q7: =J7/$F7 -> 0.41705679 | R7: =K7/$F7 -> 0 | S7: =L7/$F7 -> 0
A8: 2. หมวดสิ่งก่อสร้าง
A9: งานโยธา (งป.006) | F9: ='006 (2)'!E22 -> 793300000 | H9: 56820000 | I9: 391780000 | J9: 290160000 | K9: 24240000 | L9: 30300000 | M9: =SUM(H9:L9) -> 793300000 | O9: =H9/$F9 -> 0.071624858 | P9: =I9/$F9 -> 0.49386109 | Q9: =J9/$F9 -> 0.36576327 | R9: =K9/$F9 -> 0.030555906 | S9: =L9/$F9 -> 0.038194882
A10: งานระบบไฟฟ้า
B11: - ค่าวัสดุอุปกรณ์ (งป.007)
B12: - ค่าแรงงาน
B13: - ค่าขนส่ง
B14: - ค่าสำรวจออกแบบและควบคุมงาน | F14: 23800000 | H14: 1705000 | I14: 11754000 | J14: 8705000 | K14: 727000 | L14: =L9*0.03 -> 909000 | M14: =SUM(H14:L14) -> 23800000 | O14: =H14/$F14 -> 0.071638655 | P14: =I14/$F14 -> 0.49386555 | Q14: =J14/$F14 -> 0.3657563 | R14: =K14/$F14 -> 0.030546218 | S14: =L14/$F14 -> 0.038193277
B15: - ค่าเบ็ดเตล็ด
B16: - อื่น ๆ
B17: รวมงานระบบไฟฟ้า
A18: 3. หมวดเครื่องจักรอุปกรณ์ (งป.008)
A19: 4. หมวดยานพาหนะ (งป.008) | F19: ='008'!H22 -> 1036780000 | H19: ='008'!I22 -> 67520000 | I19: ='008'!J22 -> 279540000 | J19: ='008'!K22 -> 689720000 | K19: 0 | L19: 0 | M19: =SUM(H19:L19) -> 1036780000 | O19: =H19/$F19 -> 0.065124713 | P19: =I19/$F19 -> 0.26962326 | Q19: =J19/$F19 -> 0.66525203 | R19: =K19/$F19 -> 0 | S19: =L19/$F19 -> 0
A20: 5. หมวดเครื่องมือ เครื่องใช้ขนาดเล็ก (งป.008) | F20: ='008 (2)'!H12 -> 522930000 | H20: ='008 (2)'!I12 -> 130000000 | I20: ='008 (2)'!J12 -> 185000000 | J20: ='008 (2)'!K12 -> 207930000 | K20: 0 | L20: 0 | M20: =SUM(H20:L20) -> 522930000 | O20: =H20/$F20 -> 0.24859924 | P20: =I20/$F20 -> 0.35377584 | Q20: =J20/$F20 -> 0.39762492 | R20: =K20/$F20 -> 0 | S20: =L20/$F20 -> 0
A21: 6. หมวดวิจัยและพัฒนา (งป.008)
A22: 7. หมวดอื่น ๆ (งป.008)
A23: รวมทั้งสิ้น | F23: =F7+F9+F14+F19+F20 -> 2868110000 | H23: =H7+H9+H14+H19+H20 -> 348545000 | I23: =I7+I9+I14+I19+I20 -> 1061974000 | J23: =J7+J9+J14+J19+J20 -> 1401415000 | K23: =K7+K9+K14+K19+K20 -> 24967000 | L23: =L7+L9+L14+L19+L20 -> 31209000 | M23: =M7+M9+M14+M19+M20 -> 2868110000
H33: =H23/$F$23 -> 0.12152428 | I33: =I23/$F$23 -> 0.37026962 | J33: =J23/$F$23 -> 0.48861968 | K33: =K23/$F$23 -> 0.0087050357 | L33: =L23/$F$23 -> 0.010881382

Sheet 004-5
A1: 15. การประเมินระดับความเสี่ยงโดยระบุประเด็นความเสี่ยงและมิติความเสี่ยง(ที่มีความสอดคล้อง) และประเมินระดับความเสี่ยงของงาน/แผนงาน
A3: 15.1 การประเมินประสิทธิผลการควบคุมที่มีอยู่ของงาน/แผนงาน
A4: งาน/แผนงาน (ปัจจัยเสี่ยง) | C4: ประเภทของปัจจัยเสี่ยง S / O / F / C | E4: ประสิทธิผลการควบคุมที่มีอยู่ | K4: ผลสรุป (เพียงพอ/ไม่เพียงพอ)
E5: ผลการดำเนินงานเมื่อเทียบกับเป้าหมาย | H5: กระบวนการควบคุม | J5: การติดตาม
A6: 1. ไม่สามารถเบิกจ่ายได้ตามเป้าหมาย | E6: 2 | H6: 2 | J6: 3 | K6: เพียงพอ
A7: หมายเหตุ : 1) หากปัจจัยเสี่ยงที่ระบุได้เป็นเรื่องใหม่และยังไม่เคยดำเนินการมาก่อน ให้ประเมินคะแนนประสิทธิผลการควบคุมที่มีอยู่ เท่ากับ 1 คะแนน
A8: 2) ผลการประเมินประสิทธิผลการควบคุมที่มีอยู่ ด้านใดด้านหนึ่ง มีคะแนน 1 คะแนน ให้ถือว่าประสิทธิผลการควบคุมที่มีอยู่ไม่เพียงพอ ให้นำปัจจัยเสี่ยงดังกล่าวไปประเมินระดับความรุนแรงต่อไป
A9: 3) ผลการประเมินประสิทธิผลการควบคุมที่มีอยู่ ในทุกด้านมีคะแนนตั้งแต่ 2 คะแนนขึ้นไป แต่ผู้บริหารให้ความสำคัญ ให้นำปัจจัยเสี่ยงดังกล่าวไปประเมินระดับความรุนแรงต่อไป
A11: คะแนน | B11: ประสิทธิผลการควบคุมที่มีอยู่
B12: ผลการดำเนินงานเมื่อเทียบกับเป้าหมาย | F12: กระบวนการควบคุม | J12: การติดตาม
A13: 1 | B13: ผลการดำเนินงานไม่เป็นไปตามเป้าหมาย | F13: ไม่มีกระบวนการหรือกิจกรรมควบคุม | J13: ไม่มีการติดตาม/รายงานผลการดำเนินงาน
A14: 2 | B14: ผลการดำเนินงานเป็นไปตามเป้าหมาย | F14: มีกระบวนการหรือกิจกรรมควบคุม | J14: มีการติดตาม/รายงานผลการดำเนินงานอย่างน้อยไตรมาสละ 1 ครั้ง
A15: 3 | B15: ผลการดำเนินงานดีกว่าเป้าหมาย | F15: มีกระบวนการหรือกิจกรรมควบคุมและได้จัดทำเป็นคู่มือการปฏิบัติงานที่ชัดเจน | J15: มีการติดตาม/รายงานผลการดำเนินงานเป็นประจำทุกเดือน
A17: 15.2 การประเมินระดับความรุนแรงของโครงการ (ปัจจัยเสี่ยง)
A18: ประเด็นความเสี่ยงของงาน/แผนงาน (สาเหตุ) | B18: ระดับความรุนแรง | E18: แนวทางในการจัดการความเสี่ยง | F18: คาดการณ์ระดับความรุนแรง | I18: เป้าหมาย | L18: คาดการณ์ ผลการดำเนินงาน ค่า KRI (ณ สิ้นปี 2566)
B19: ก่อนการบริหารความเสี่ยง (ต้นปี 2566) | F19: หลังการบริหารความเสี่ยง (ณ สิ้นปี 2566) | I19: (งาน/แผนงาน)
B20: โอกาส | C20: ผลกระทบ | D20: ระดับความเสี่ยง | F20: โอกาส | G20: ผลกระทบ | H20: ระดับความเสี่ยง | I20: ดัชนีชี้วัดความเสี่ยง | J20: ค่าเป้าหมาย | K20: ค่าเบี่ยงเบนที่ยอมรับได้
B21: Likelihood (L) | C21: Impact (I) | D21: (LxI) | F21: Likelihood (L) | G21: Impact (I) | H21: (LxI) | I21: (KRI) | J21: (RA) | K21: (RT)
A22: 1) ผู้รับจ้างทิ้งงานระหว่างานก่อสร้าง | B22: 0.1 | C22: 1 | D22: 1 | E22: จัดทำประชาสัมพันธ์และแผนงานให้ผู้ประกอบการทราบล่วงหน้า | F22: 0.05 | G22: 1 | H22: 1
A23: หมายเหตุ : *1) ให้อธิบายผลการดำเนินงาน
A24: 2) หากผลการดำเนินงานไม่เป็นไปตามเป้าหมาย ให้ระบุปัญหา/อุปสรรค และแนวทางแก้ไขด้วย
L25: แบบ งป.004/5
B26: ตารางโอกาสเกิด/ผลกระทบ
B27: โอกาสเกิด (Likelihood : L) | H27: ผลกระทบ (Impact : I)
B28: ระดับ | D28: ความหมาย | F28: โอกาส/ความน่าจะเกิดทางสถิติ | H28: ความหมาย
B29: 1 | D29: มีโอกาสเกิดขึ้นต่ำมาก | F29: 1 - 20% | H29: มีผลกระทบต่ำมาก
B30: 2 | D30: มีโอกาสเกิดขึ้นต่ำ | F30: 21 - 40% | H30: มีผลกระทบต่ำ
B31: 3 | D31: มีโอกาสเกิดขึ้นปานกลาง | F31: 41 - 60% | H31: มีผลกระทบปานกลาง
B32: 4 | D32: มีโอกาสเกิดขึ้นสูง | F32: 61 - 80% | H32: มีผลกระทบสูง
B33: 5 | D33: มีโอกาสเกิดขึ้นสูงมาก | F33: 81 - 100% | H33: มีผลกระทบสูงมาก
B35: ตารางระดับความเสี่ยง
B36: ลำดับ | D36: ระดับความเสี่ยง
D37: (Risk Severity) (ผลคูณ LxI) | H37: ความหมาย
B38: 1 | D38: ระดับคะแนน 1-4 | H38: ผลกระทบต่ำ
B39: 2 | D39: ระดับคะแนน >4 และ ≤12 | H39: ผลกระทบปานกลาง
B40: 3 | D40: ระดับคะแนนมากกว่า 12 | H40: ผลกระทบสูง
H44: จัดทำโดย | J44: ตรวจสอบโดย
H45: ....................................................................... | J45: ........................................................................
H46: (นาวสาวพรทิพย์ อรุณสกุล) | J46: (นายสมพร แซ่ลิ่ม)
H47: ตำแหน่ง รก.จก. | J47: ตำแหน่ง อก.จก.
H48: ....................................................................... | J48: ........................................................................
H49: เบอร์โทรศัพท์ | J49: เบอร์โทรศัพท์
H50: ....................................................................... | J50: ........................................................................
H51: วันที่ | J51: วันที่
H52: ....................................................................... | J52: ........................................................................
N54: ห
L56: แบบ งป.004/5

Sheet คำอธิบายแบบ งป.004-1-5
A1: คำอธิบายแบบ งป.004/1 - งป.004/5
A2: (แบบข้อมูลพื้นฐานของงาน)
A4: 1. | B4: ชื่องาน/แผนงาน หมายถึง ชื่อของงานที่หน่วยงานจะดำเนินการ เพื่อให้บรรลุตามวัตถุประสงค์ที่ตั้งไว้
A5: 2. | B5: รายละเอียดของงาน/แผนงาน
B6: 2.1 | C6: ผู้รับผิดชอบ | F6: ให้ระบุหน่วยงานเป็นระดับแผนก, กอง, ฝ่าย, สายงาน
B7: 2.2 | C7: ความจำเป็นในการดำเนินงาน | F7: ให้ทำเครื่องหมาย ü ในหัวข้อที่เลือกว่าเป็นงาน/แผนงาน
F8: ที่มีความจำเป็นจะต้องดำเนินการ เช่น มีสัญญา ข้อผูกพัน
F9: หรือมีเงื่อนไขที่ต้องดำเนินการ หรือเป็นนโยบายที่สำคัญของ กฟภ.
F10: ถ้าไม่ดำเนินการจะก่อให้เกิดความเสียหาย หรือสอดคล้องกับ
F11: นโยบายของรัฐบาล เช่น งานขยายเขตต่างๆ ให้บ้านเรือนราษฎร
F12: ที่ไม่มีไฟฟ้าใช้ เป็นต้น
B13: 2.3 | C13: ประเภทการลงทุน | F13: ให้ทำเครื่องหมาย ü ในหัวข้อที่เลือกว่างาน/แผนงาน เป็นประเภทการลงทุนใด
B14: 2.4 | C14: สถานะของงาน | F14: หมายถึง สถานภาพของงานในปีที่ขอตั้งงบประมาณว่าเป็น
F15: งาน/แผนงานต่อเนื่องหรืองาน/แผนงานใหม่
B16: 2.5 | C16: ได้รับอนุมัติจาก | F16: ให้ทำเครื่องหมาย ü ในหัวข้อที่ได้รับการอนุมัติ และระบุวันที่ที่ได้รับอนุมัติ
B17: 2.6 | C17: พื้นที่ดำเนินการ | F17: ให้ระบุสถานที่และจังหวัดที่ดำเนินการของงาน/แผนงาน
B18: 2.7 | C18: ระยะเวลาดำเนินการ | F18: ให้ระบุระยะเวลาเริ่มต้นที่ได้รับอนุมัติงาน/แผนงาน และระยะ
F19: เวลาสิ้นสุด คือระยะเวลาที่คาดว่าจะได้รับมอบงานงวดสุดท้าย
B20: 2.8 | C20: วงเงินลงทุนทั้งสิ้นของงาน/แผนงาน | F20: หมายถึง วงเงินงบประมาณรวมทั้งสิ้นที่จะใช้ในการดำเนินการ
B21: 2.9 | C21: วงเงินลงทุนปี 2568 ของงาน/แผนงาน | F21: หมายถึง วงเงินที่ขอตั้งงบประมาณปี 2568
B22: 2.10 | C22: เป้าหมายการเบิกจ่ายงบลงทุนปี 2568 | F22: ให้ประมาณการค่าใช้จ่ายที่จะใช้ในปีที่ขอตั้งงบประมาณ
F23: โดยวงเงินรวมเป้าหมายการเบิกจ่ายต้องเท่ากับวงเงินดำเนินการปี 2568
B24: 2.11 | C24: วงเงินงบทำการที่ขอตั้งในปี 2568 | F24: ให้ใส่วงเงินที่ขอใช้จากงบทำการ (ถ้ามี)
A25: 3. | B25: วัตถุประสงค์ของงาน/แผนงาน | F25: หมายถึง จุดมุ่งหมายในการดำเนินการเพื่อให้บรรลุผลเมื่อสิ้นสุดงาน/แผนงาน
A26: 4. | B26: ผลประโยชน์ที่คาดว่าจะได้รับ
B27: 4.1 | C27: ผลประโยชน์ที่คาดว่าจะได้รับหลังเสร็จสิ้น | F27: ผลผลิต (Output) หมายถึง ผลผลิตต่อหน่วยนับ สำหรับหน่วยของผลผลิต
C28: งาน/แผนงาน | F28: ระบุตามหน่วยที่สามารถวัดเป็นเชิงปริมาณได้ หากไม่สามารถวัดเป็นหน่วยนับได้
F29: กำหนดเป็นเปอร์เซนต์
F30: ผลลัพธ์ (Outcome) หมายถึง ผลที่คาดว่าจะได้รับ ที่เกิดขึ้นตามมาจากการเกิด
F31: ผลผลิต
B32: 4.2 | C32: ผลประโยชน์ที่คาดว่าจะได้รับในปี 2568 | F32: หมายถึง ผลผลิต(Output) และ ผลลัพธ์ (Outcome) ในปี 2568
C33: (กรณีเป็นแผนงานระยะยาว) | F33: ของแผนงานระยะยาว
A34: 5. | B34: การวิเคราะห์ผลกระทบทางธุรกิจ
B35: 5.1 | C35: ผลกระทบต่อองค์กร | E35: ให้ระบุถึง | F35: - สนับสนุนวิสัยทัศน์ พันธกิจขององค์กร
F36: - สนับสนุนยุทธศาสตร์หลักขององค์กร
F37: - หน่วยงานกำกับกำหนด (องค์กรจำเป็นต้องดำเนินการ)
B38: 5.2 | C38: ผลกระทบต่อชุมชน สังคม | F38: ให้ระบุถึงบทวิเคราะห์ผลกระทบทางลบต่อสังคม /
C39: และสิ่งแวดล้อม | F39: ความกังวลของสาธารณะชน / สิ่งแวดล้อมที่เกิดจากการดำเนินงาน
F40: ของงาน/แผนงาน
A41: 6. | B41: ผลกระทบจากการไม่ได้รับพิจารณา | F41: ระบุผลกระทบที่ได้รับหากไม่ได้รับการพิจารณาตั้งงบประมาณ
B42: ให้ตั้งงบประมาณ
A43: 7. | B43: ปัญหา อุปสรรค และแนวทางในการแก้ไข | F43: ให้ระบุ (ถ้ามี)
B44: ปัญหา อุปสรรค
A45: 8. | B45: รายงานความก้าวหน้าของแผนจัดซื้อ/จัดจ้างตาม | F45: ให้กำหนดขั้นตอนการปฎิบัติงาน การดำเนินการจัดซื้อจัดจ้าง การส่งของ
B46: แผนงานปกติ Workflow | F46: /ก่อสร้าง การตรวจรับและทดสอบพร้อมทั้งประมาณการเบิกจ่ายของแต่ละงาน
F47: ลงในเดือนที่คาดว่าจะจ่ายจริงจนสิ้นสุดวงเงินที่ขอตั้งงบประมาณ
F48: ในแบบ งป.009
A49: 9. | B49: แผนการลงทุนรายปี | F49: การจัดทำแผนการลงทุนให้จัดทำเป็นรายปี ในกรณีที่ทำมากกว่า 1 ปี
B50: และแผนการจ่ายเงินตามงบผูกพัน | F50: ให้จัดทำตั้งแต่เริ่มต้นแผนงานจนสิ้นสุดแผนงาน ตามแบบ งป.010/1
B51: (กรณีแผนระยะยาว/งานต่อเนื่อง) | F51: สำหรับแผนงานเก่าให้แสดงสถานะการใช้เงินด้วย ตามแบบ งป.010/2
A52: 10. | B52: เป้าหมายการเบิกจ่ายรายเดือน 2568 | F52: หมายถึง ให้จัดทำเป้าหมายการเบิกจ่ายรายเดือน โดยพิจารณาให้สอดคล้องกับ
B53: แยกรายภาคและสำนักงานใหญ่ | F53: การจัดสรรทรัพย์สินลงในแต่ละภาคและสำนักงานใหญ่ ตามแบบ งป.010/3
A54: 11. | B54: ประมาณการวัสดุอุปกรณ์นำเข้าจากต่างประเทศ | F54: ให้แสดงรายการประมาณการวัสดุอุปกรณ์นำเข้าจากต่างประเทศของแต่ละ
F55: แผนงานตั้งแต่ปีเริ่มต้นจนถึงปีสิ้นสุดแผนงาน และปีที่ขอตั้งงบประมาณ
F56: แยกประมาณการเบิกจ่ายเป็นรายเดือน ตามแบบ งป.011
A57: 12. | B57: การวิเคราะห์ประโยชน์และความคุ้มค่างาน/แผนงาน
B58: ประมาณการผลตอบแทนงาน/แผนงาน | F58: ให้ระบุผลการวิเคราะห์ผลตอบแทนการลงทุนของงาน/แผนงานทุก
F59: รายการเพื่อใช้เป็นข้อมูลประกอบการพิจารณางบประมาณและการกู้เงิน
F60: เสนอ สศช., สคร. และ สบน.
A61: 13. | B61: เหตุผลและความจำเป็นของงานและแผนงาน
B62: 13.1 | C62: การสนับสนุนต่อยุทธศาสตร์ | F62: ให้ทำเครื่องหมาย ü ระบุว่าสอดคล้องกับยุทธศาสตร์และวัตถุประสงค์
C63: และวัตถุประสงค์เชิงยุทธศาสตร์ | F63: เชิงยุทธศาสตร์ใดขององค์กร โดยสามารถระบุได้มากกว่า 1 ยุทธศาสตร์
B64: 13.2 | C64: การสนับสนุนต่อมุมมอง | F64: - มุมมอง ให้ระบุว่าสอดรับกับยุทธศาสตร์ด้านใดใน BSC
C65: ตาม Balanced Scorecard | F65: - ตัวชี้วัดและเป้าหมาย ให้ระบุเกณฑ์วัดในการดำเนินงาน และค่าเป้าหมาย
F66: ตามที่กำหนดไว้ใน BSC
A67: 14. | B67: แนวทางในการดำเนินงานของงาน/แผนงาน
B68: 14.1 | C68: แผนการดำเนินงาน | F68: ให้ระบุลักษณะกิจกรรมหลักของงาน โดยแสดงปริมาณงานที่คาดว่าจะดำเนินการ
F69: ในปีงบประมาณจนจบแผนงาน (ถ้าทำมากกว่า 1 ปี)
F70: ให้ทำเครื่องหมาย üระบุว่าจะดำเนินการเองหรือจ้างเหมาดำเนินการ
F71: เป็นร้อยละเท่าไร (จ้างเหมาเฉพาะค่าแรง หรือ จ้างเหมาแบบ Turnkey)
B72: 14.2 | C72: งบประมาณลงทุนเพื่อการดำเนินงานปกติ ที่ขอตั้งประจำปี 2568
C73: 1. หมวดที่ดิน | G73: รายละเอียดงานจัดหาที่ดิน/ปรับปรุงที่ดินตามแผนสนับสนุน
G74: การดำเนินงาน ลงในแบบ งป.005
C75: 2. หมวดสิ่งก่อสร้าง | G75: รายละเอียดงานโยธา ตามแผนสนับสนุนการดำเนินงาน
G76: ลงในแบบ งป.006
G77: รายละเอียดค่าวัสดุอุปกรณ์ของงานระบบไฟฟ้าลงใน
G78: แบบ งป.007
C79: 3. หมวดเครื่องจักรอุปกรณ์ | G79: งานจัดหามิเตอร์และหม้อแปลงสำรองจ่ายแสดง
G80: รายละเอียดของอุปกรณ์ในแบบ งป.008
C81: 4. หมวดยานพาหนะ | G81: กรอกรายละเอียด ในแบบฟอร์ม งป.008
C82: 5. หมวดเครื่องมือเครื่องใช้ขนาดเล็ก | G82: กรอกรายละเอียด ในแบบฟอร์ม งป.008
C83: 6. หมวดวิจัยและพัฒนา | G83: กรอกรายละเอียดครุภัณฑ์ตามแบบ งป.008
C84: 7. หมวดอื่น ๆ | G84: กรอกรายละเอียดครุภัณฑ์ตามแบบ งป.008
A86: 15. | B86: การประเมินระดับความเสี่ยงโดยระบุ | F86: ให้ระบุถึงปัจจัยหรือสาเหตุของความเสี่ยง เพื่อประเมินโอกาสที่จะเกิดความเสี่ยง
B87: ประเด็นความเสี่ยงและมิติความเสี่ยง | F87: (Likelihood:L) ระดับความรุนแรงของผลกระทบจากความเสี่ยง (Impact:I)
B88: (ที่มีความสอดคล้อง) และประเมินระดับ | F88: และจัดระดับความเสี่ยง (Risk Severity:LxI)
B89: ความเสี่ยงของแผนงาน

Sheet 005 (1)
H1: แบบ งป.005
A2: แบบฟอร์ม
A3: หมวดที่ดิน
A4: ปีงบประมาณ ........2568.....................
A5: กลุ่มโครงสร้าง
A6: ชื่องาน แผนงานสนับสนุนการดำเนินงาน ระยะที่ 6
A7: หน่วยงาน สายงานวางแผนและวิศวกรรม
H8: หน่วย : บาท
C9: ซื้อที่ดิน | F9: ปรับปรุงที่ดิน
A10: ที่ | B10: ชื่อการไฟฟ้า | C10: จำนวน | D10: จำนวนเงิน | E10: วัตถุประสงค์ | F10: จำนวน | G10: จำนวนเงิน | H10: วัตถุประสงค์
C11: (ไร่) | D11: (บาท) | E11: เหตุผล | F11: ม.3 | G11: (บาท) | H11: เหตุผล
A12: 1 | B12: กฟส.อ.แม่สรวย จ.เชียงราย | C12: 3 - 5 | D12: 10000000 | E12: ซื้อใหม่
A13: 2 | B13: กฟส.ต.นางแล จ.เชียงราย | C13: 3 - 5 | D13: 30000000 | E13: ซื้อใหม่
A14: 3 | B14: กฟย.อ.ลับแล จ.อุตรดิตถ์ | C14: 3 - 5 | D14: 14500000 | E14: ซื้อใหม่
A15: 4 | B15: กฟย.อ.บึงสามัคคี จ.กำแพงเพชร | C15: 3 - 5 | D15: 5000000 | E15: ซื้อใหม่
A16: 5 | B16: กฟย.อ.วังทรายพูน จ.พิจิตร | C16: 3 - 5 | D16: 9500000 | E16: ซื้อใหม่
A17: 6 | B17: กฟย.อ.ดงเจริญ จ.พิจิตร | C17: 3 - 5 | D17: 9500000 | E17: ซื้อใหม่
A18: 7 | B18: กฟจ.กำแพงเพชร | C18: 0-0-88 | D18: 1500000 | E18: ซื้อขยายสำนักงานเดิม
A19: 8 | B19: กฟย.ต.หัวหวาย จ.นครสวรรค์ | C19: 3 - 5 | D19: 4000000 | E19: ซื้อใหม่
A20: 9 | B20: กฟย.อ.ห้วยคต จ.อุทัยธานี | C20: 3 - 5 | D20: 6000000 | E20: ซื้อใหม่
A21: 10 | B21: กฟย.อ.หนองมะโมง จ.ชัยนาท | C21: 3 - 5 | D21: 5000000 | E21: ซื้อใหม่
A22: 11 | B22: กฟย.อ.หนองขาหย่าง จ.อุทัยธานี | C22: 3 - 5 | D22: 4000000 | E22: ซื้อใหม่
A23: 12 | B23: กฟย.ต.พุเตย จ.เพชรบูรณ์ | C23: 3 - 5 | D23: 5500000 | E23: ซื้อใหม่
... A32: 21 | B32: กฟย.อ.สุวรรณคูหา จ.หนองบัวลำภู | C32: 3 - 5 | D32: 3600000 | E32: ซื้อใหม่

Sheet 005 (2)
H1: แบบ งป.005
A2: แบบฟอร์ม
A3: หมวดที่ดิน
A4: ปีงบประมาณ ........2568.....................
A5: กลุ่มโครงสร้าง
A6: ชื่องาน แผนงานสนับสนุนการดำเนินงาน ระยะที่ 6
A7: หน่วยงาน สายงานวางแผนและวิศวกรรม
H8: หน่วย : บาท
C9: ซื้อที่ดิน | F9: ปรับปรุงที่ดิน
A10: ที่ | B10: ชื่อการไฟฟ้า | C10: จำนวน | D10: จำนวนเงิน | E10: วัตถุประสงค์ | F10: จำนวน | G10: จำนวนเงิน | H10: วัตถุประสงค์
C11: (ไร่) | D11: (บาท) | E11: เหตุผล | F11: ม.3 | G11: (บาท) | H11: เหตุผล
A12: 22 | B12: กฟย.อ.พระยืน จ.ขอนแก่น | C12: 3 - 5 | D12: 6000000 | E12: ซื้อใหม่
A13: 23 | B13: กฟย.อ.บ้านแฮด จ.ขอนแก่น | C13: 3 - 5 | D13: 6900000 | E13: ซื้อใหม่
A14: 24 | B14: กฟย.อ.ศรีเมืองใหม่ จ.อุบลราชธานี | C14: 3 - 5 | D14: 7500000 | E14: ซื้อใหม่
A15: 25 | B15: กฟย.อ.ตาลสุม จ.อุบลราชธานี | C15: 3 - 5 | D15: 7500000 | E15: ซื้อใหม่
A16: 26 | B16: กฟย.อ.น้ำเกลี้ยง จ.ศรีสะเกษ | C16: 3 - 5 | D16: 7500000 | E16: ซื้อใหม่
A17: 27 | B17: กฟย.อ.เชียงขวัญ จ.ร้อยเอ็ด | C17: 3 - 5 | D17: 7500000 | E17: ซื้อใหม่
A18: 28 | B18: กฟย.อ.โพนทราย จ.ร้อยเอ็ด | C18: 3 - 5 | D18: 7500000 | E18: ซื้อใหม่
A19: 29 | B19: กฟย.อ.กุดรัง จ.มหาสารคาม | C19: 3 - 5 | D19: 7500000 | E19: ซื้อใหม่
A20: 30 | B20: กฟส.อ.สูงเนิน จ.นครราชสีมา | C20: 3 - 5 | D20: 6000000 | E20: ซื้อใหม่
A21: 31 | B21: กฟย.ต.กลางดง จ.นครราชสีมา | C21: 3 - 5 | D21: 6000000 | E21: ซื้อใหม่
A22: 32 | B22: กฟย.อ.ขามทะเลสอ จ.นครราชสีมา 3 | C22: 3 - 5 | D22: 5400000 | E22: ซื้อใหม่
A23: 33 | B23: กฟย.ต.ห้วยบง จ.นครราชสีมา | C23: 3 - 5 | D23: 3600000 | E23: ซื้อใหม่
... A32: 42 | B32: กฟย.อ.เขาฉกรรจ์ จ.สระแก้ว | C32: 3 - 5 | D32: 18000000 | E32: ซื้อใหม่

Sheet 005 (3)
H1: แบบ งป.005
A2: แบบฟอร์ม
A3: หมวดที่ดิน
A4: ปีงบประมาณ ........2568.....................
A5: กลุ่มโครงสร้าง
A6: ชื่องาน แผนงานสนับสนุนการดำเนินงาน ระยะที่ 6
A7: หน่วยงาน สายงานวางแผนและวิศวกรรม
H8: หน่วย : บาท
C9: ซื้อที่ดิน | F9: ปรับปรุงที่ดิน
A10: ที่ | B10: ชื่อการไฟฟ้า | C10: จำนวน | D10: จำนวนเงิน | E10: วัตถุประสงค์ | F10: จำนวน | G10: จำนวนเงิน | H10: วัตถุประสงค์
C11: (ไร่) | D11: (บาท) | E11: เหตุผล | F11: ม.3 | G11: (บาท) | H11: เหตุผล
A12: 43 | B12: กฟอ.ปลวกแดง จ.ระยอง | C12: 5 - 10 | D12: 40000000 | E12: ซื้อใหม่
A13: 44 | B13: กฟอ.เดิมบางนางบวช จ.สุพรรณบุรี | C13: 5 - 10 | D13: 20000000 | E13: ซื้อใหม่
A14: 45 | B14: กฟย.ต.บางหลวง จ.นครปฐม | C14: 3 - 5 | D14: 7500000 | E14: ซื้อใหม่
A15: 46 | B15: กฟย.ต.มะขามล้ม จ.สุพรรณบุรี | C15: 3 - 5 | D15: 6000000 | E15: ซื้อใหม่
A16: 47 | B16: กฟจ.ประจวบคีรีขันธ์ | C16: 5 - 10 | D16: 50000000 | E16: ซื้อใหม่
A17: 48 | B17: กฟส.อ.คีรีรัฐนิคม จ.สุราษฎร์ธานี | C17: 3 - 5 | D17: 9000000 | E17: ซื้อใหม่
A18: 49 | B18: กฟย.อ.พนม จ.สุราษฎร์ธานี | C18: 3 - 5 | D18: 9000000 | E18: ซื้อใหม่
A19: 50 | B19: กฟย.อ.ท่าฉาง จ.สุราษฎร์ธานี | C19: 3 - 5 | D19: 14000000 | E19: ซื้อใหม่
A20: 51 | B20: กฟย.อ.รัษฎา จ.ตรัง | C20: 3 - 5 | D20: 8000000 | E20: ซื้อใหม่
A21: 52 | B21: กฟย.อ.ป่าพะยอม จ.พัทลุง | C21: 3 - 5 | D21: 9500000 | E21: ซื้อใหม่
A22: 53 | B22: กฟย.อ.คลองหอยโข่ง จ.สงขลา | C22: 3 - 5 | D22: 9500000 | E22: ซื้อใหม่
A23: 54 | B23: กฟย.อ.กระแสสินธุ์ จ.สงขลา | C23: 3 - 5 | D23: 8000000 | E23: ซื้อใหม่
... A25: 56 | B25: กฟย.อ.มะนัง จ.สตูล | C25: 3 - 5 | D25: 7000000 | E25: ซื้อใหม่
A26: รวมจำนวนเงินทั้งสิ้น | D26: =SUM(D12:D25)+SUM('005 (2)'!D12:D32)+SUM('005 (1)'!D12:D32) -> 491300000

Sheet 006
F1: แบบ งป.006
A2: แบบฟอร์ม
A3: หมวดสิ่งก่อสร้าง
A4: งานโยธา
A5: ปีงบประมาณ ........2568........................
A6: กลุ่มโครงสร้าง
A7: ชื่องาน แผนงานสนับสนุนการดำเนินงาน ระยะที่ 6
A8: หน่วยงาน สายงานวางแผนและวิศวกรรม
F9: หน่วย : บาท
A10: ที่ | B10: ชื่อการไฟฟ้า | C10: รายการ | D10: ขนาด | E10: จำนวนเงิน | F10: วัตถุประสงค์
E11: (บาท) | F11: เหตุผล
A12: 1 | B12: กฟอ.หางดง จ.เชียงใหม่ | C12: ก่อสร้างอาคารสำนักงาน และสิ่งก่อสร้างประกอบอื่น ๆ | E12: 32200000
A13: =A12+1 -> 2 | B13: กฟอ.เทิง จ.เชียงราย | C13: ก่อสร้างอาคารสำนักงาน และสิ่งก่อสร้างประกอบอื่น ๆ | E13: 28700000
A14: =A13+1 -> 3 | B14: กฟอ.สวรรคโลก จ.สุโขทัย | C14: ก่อสร้างอาคารสำนักงาน และสิ่งก่อสร้างประกอบอื่น ๆ | E14: 35900000
B15: (ก่อสร้างที่คลังพัสดุ กฟอ.สวรรคโลก)
A16: =A14+1 -> 4 | B16: กฟอ.สวรรคโลก จ.สุโขทัย | C16: ก่อสร้างอาคารพักอาศัยรวม และสิ่งก่อสร้างประกอบอื่น ๆ | E16: 9000000
B17: (ก่อสร้างที่สำนักงานเดิม)
A18: =A16+1 -> 5 | B18: กฟส.อ.หนองม่วง จ.ลพบุรี | C18: ก่อสร้างอาคารสำนักงาน และสิ่งก่อสร้างประกอบอื่น ๆ | E18: 31700000
A19: =A18+1 -> 6 | B19: กฟส.อ.บ้านหมี่ จ.ลพบุรี | C19: ก่อสร้างอาคารสำนักงาน และสิ่งก่อสร้างประกอบอื่น ๆ | E19: 26100000
A20: =A19+1 -> 7 | B20: กฟส.อ.พล จ.ขอนแก่น | C20: ก่อสร้างอาคารสํานักงาน และสิ่งก่อสร้างประกอบอื่น ๆ | E20: 28200000
A21: =A20+1 -> 8 | B21: กฟส.อ.กระนวน จ.ขอนแก่น | C21: ก่อสร้างอาคารสํานักงาน และสิ่งก่อสร้างประกอบอื่น ๆ | E21: 22900000
A22: =A21+1 -> 9 | B22: กฟส.อ.อุทุมพรพิสัย จ.ศรีสะเกษ | C22: ก่อสร้างอาคารสํานักงาน และสิ่งก่อสร้างประกอบอื่น ๆ | E22: 39700000
A23: =A22+1 -> 10 | B23: กฟย.อ.ดงหลวง จ.มุกดาหาร | C23: ก่อสร้างอาคารสํานักงาน และสิ่งก่อสร้างประกอบอื่น ๆ | E23: 15500000
A24: =A23+1 -> 11 | B24: กฟย.อ.หนองบัวระเหว จ.ชัยภูมิ | C24: ก่อสร้างอาคารสํานักงาน และสิ่งก่อสร้างประกอบอื่น ๆ | E24: 11800000
A25: =A24+1 -> 12 | B25: กฟส.อ.หนองบุญมาก จ.นครราชสีมา | C25: ก่อสร้างอาคารสํานักงาน และสิ่งก่อสร้างประกอบอื่น ๆ | E25: 37300000
A26: =A25+1 -> 13 | B26: กฟก.1 | C26: ก่อสร้างรั้ว และสิ่งก่อสร้างประกอบอื่น ๆ | E26: 16000000
A27: =A26+1 -> 14 | B27: กฟอ.บางปะอิน จ.พระนครศรีอยุธยา | C27: ก่อสร้างอาคารสำนักงาน และสิ่งก่อสร้างประกอบอื่น ๆ | E27: 58700000
A28: =A27+1 -> 15 | B28: กฟส.อ.บ้านนา จ.นครนายก | C28: ก่อสร้างอาคารสำนักงาน และสิ่งก่อสร้างประกอบอื่น ๆ | E28: 23100000
A29: =A28+1 -> 16 | B29: กฟส.อ.องครักษ์ จ.นครนายก | C29: ก่อสร้างอาคารสำนักงาน และสิ่งก่อสร้างประกอบอื่น ๆ | E29: 23100000
A30: =A29+1 -> 17 | B30: กฟฟ.เมืองพัทยา จ.ชลบุรี | C30: ก่อสร้างอาคารสำนักงาน และสิ่งก่อสร้างประกอบอื่น ๆ | E30: 61300000
... A34: =A33+1 -> 21 | B34: กฟอ.หลังสวน จ.ชุมพร | C34: ก่อสร้างโรงเก็บมิเตอร์ และสิ่งก่อสร้างประกอบอื่น ๆ | E34: 8400000

Sheet 006 (2)
F1: แบบ งป.006
A2: แบบฟอร์ม
A3: หมวดสิ่งก่อสร้าง
A4: งานโยธา
A5: ปีงบประมาณ ........2568........................
A6: กลุ่มโครงสร้าง
A7: ชื่องาน แผนงานสนับสนุนการดำเนินงาน ระยะที่ 6
A8: หน่วยงาน สายงานวางแผนและวิศวกรรม
F9: หน่วย : บาท
A10: ที่ | B10: ชื่อการไฟฟ้า | C10: รายการ | D10: ขนาด | E10: จำนวนเงิน | F10: วัตถุประสงค์
E11: (บาท) | F11: เหตุผล
A12: ='006'!A34+1 -> 22 | B12: กฟส.อ.บางแพ จ.ราชบุรี | C12: ก่อสร้างโรงเก็บมิเตอร์ และสิ่งก่อสร้างประกอบอื่น ๆ | E12: 12000000
A13: =A12+1 -> 23 | B13: กฟส.อ.ไชยา จ.สุราษฎร์ธานี | C13: ก่อสร้างโรงเก็บมิเตอร์ และสิ่งก่อสร้างประกอบอื่น ๆ | E13: 9600000
A14: =A13+1 -> 24 | B14: กฟอ.เกาะสมุย จ.สุราษฎร์ธานี | C14: ก่อสร้างอาคารสำนักงาน และสิ่งก่อสร้างประกอบอื่น ๆ | E14: 60600000
A15: =A14+1 -> 25 | B15: กฟส.อ.หนองจิก จ.ปัตตานี | C15: ก่อสร้างอาคารสำนักงาน และสิ่งก่อสร้างประกอบอื่น ๆ | E15: 48800000
A16: =A15+1 -> 26 | B16: กฟอ.หาดใหญ่ จ.สงขลา | C16: ก่อสร้างรั้ว และสิ่งก่อสร้างประกอบอื่น ๆ | E16: 12000000
A17: =A16+1 -> 27 | B17: ผรค.เชียงใหม่ | C17: ปรับปรุงโรงผลิตคอน และสิ่งก่อสร้างประกอบอื่น ๆ | E17: 3000000
A18: =A17+1 -> 28 | B18: ผรค.มหาสารคาม | C18: ก่อสร้างโรงผลิตคอน และสิ่งก่อสร้างประกอบอื่น ๆ | E18: 10000000
A19: =A18+1 -> 29 | B19: ผรค.กาญจนบุรี | C19: ก่อสร้างหลังคาคลุมแท่นผลิตภัณฑ์คอนกรีต และสิ่งก่อสร้างประกอบอื่น ๆ | E19: 30500000
A20: =A19+1 -> 30 | B20: ผรค.นครศรีธรรมราช | C20: ก่อสร้างอาคารโรงผลิตคอน และสิ่งก่อสร้างประกอบอื่น ๆ | E20: 10000000
A21: =A20+1 -> 31 | B21: ผรค.พระนครศรีอยุธยา | C21: ก่อสร้างอาคารทดสอบวัสดุ และสิ่งก่อสร้างประกอบอื่น ๆ | E21: 19000000
A22: รวมจำนวนเงินทั้งสิ้น | E22: =SUM('006'!E12:E34)+SUM('006 (2)'!E12:E21) -> 793300000
A23: ค่าสำรวจออกแบบและควบคุมงาน | E23: ='004-4'!M14 -> 23800000

Sheet 007
K1: แบบ งป.007
A2: แบบฟอร์ม
A3: หมวดสิ่งก่อสร้าง
A4: รายละเอียดค่าวัสดุอุปกรณ์ของงานระบบไฟฟ้า
A5: ปีงบประมาณ..........2568...................
A6: กลุ่มโครงสร้าง
A7: ชื่องาน
A8: หน่วยงาน
K9: หน่วย : บาท
A10: ที่ | B10: รายการ | C10: จำนวน | D10: ราคา ต่อหน่วย | E10: แหล่งที่มาของราคาที่ขอตั้งงบประมาณ | H10: วงเงินรวม (บาท) | I10: ประมาณจ่าย | K10: คำชี้แจง
E11: ครั้งสุดท้ายเมื่อ ................. | F11: ท้องตลาด เฉลี่ย 3 บริษัท | G11: อื่นๆ | I11: ปี 2568 | J11: ปี 2569

Sheet 008
L1: แบบ งป.008
A2: แบบฟอร์ม
A3: หมวด ยานพาหนะ
A4: รายละเอียดครุภัณฑ์ แผนจัดหายานพาหนะ
A5: ปีงบประมาณ..........2568.......................
A6: กลุ่มโครงสร้าง
A7: ชื่องาน แผนงานสนับสนุนการดำเนินงาน ระยะที่ 6
A8: หน่วยงาน สายงานวางแผนและวิศวกรรม
L9: หน่วย : บาท
A10: ที่ | B10: รายการ | C10: จำนวน | D10: ราคา ต่อหน่วย | E10: แหล่งที่มาของราคาที่ขอตั้งงบประมาณ | H10: วงเงินรวม | I10: ประมาณจ่าย | L10: คำชี้แจง
E11: ครั้งสุดท้ายเมื่อ ................. | F11: ท้องตลาด เฉลี่ย 3 บริษัท | G11: อื่นๆ | I11: ปี 2568 | J11: ปี 2569 | K11: ปี 2570
A12: 1 | B12: =หมวดยานพาหนะ!B6 -> รถบรรทุก 3 ตัน พร้อมตู้เก็บเครื่องมือ | C12: =หมวดยานพาหนะ!AE6 -> 72 | D12: =หมวดยานพาหนะ!AF6 -> 1920000 | H12: =หมวดยานพาหนะ!AG6 -> 138240000 | I12: 0 | J12: ='ประมาณเบิกจ่าย หมวดยานพาหนะ'!BP5 -> 138240000 | K12: 0
A13: 2 | B13: =หมวดยานพาหนะ!B7 -> รถบรรทุก 4 ตัน ติดกระเช้า (Category C) | C13: =หมวดยานพาหนะ!AE7 -> 64 | D13: =หมวดยานพาหนะ!AF7 -> 4130000 | H13: =หมวดยานพาหนะ!AG7 -> 264320000 | I13: 0 | J13: 0 | K13: ='ประมาณเบิกจ่าย หมวดยานพาหนะ'!BQ7 -> 264320000
A14: 3 | B14: =หมวดยานพาหนะ!B8 -> รถบรรทุก 6 ตัน (ใช้งานคลังพัสดุ) | C14: =หมวดยานพาหนะ!AE8 -> 90 | D14: =หมวดยานพาหนะ!AF8 -> 2110000 | H14: =หมวดยานพาหนะ!AG8 -> 189900000 | I14: ='ประมาณเบิกจ่าย หมวดยานพาหนะ'!BO9 -> 63300000 | J14: ='ประมาณเบิกจ่าย หมวดยานพาหนะ'!BP9 -> 126600000 | K14: 0
A15: 4 | B15: =หมวดยานพาหนะ!B9 -> รถกระเช้าฮอทไลน์ 22 เควี | C15: =หมวดยานพาหนะ!AE9 -> 15 | D15: =หมวดยานพาหนะ!AF9 -> 11220000 | H15: =หมวดยานพาหนะ!AG9 -> 168300000 | I15: 0 | J15: 0 | K15: ='ประมาณเบิกจ่าย หมวดยานพาหนะ'!BQ10 -> 168300000
A16: 5 | B16: =หมวดยานพาหนะ!B10 -> รถบริการด้านฮอทไลน์ | C16: =หมวดยานพาหนะ!AE10 -> 6 | D16: =หมวดยานพาหนะ!AF10 -> 2450000 | H16: =หมวดยานพาหนะ!AG10 -> 14700000 | I16: 0 | J16: ='ประมาณเบิกจ่าย หมวดยานพาหนะ'!BP11 -> 14700000
A17: 6 | B17: =หมวดยานพาหนะ!B11 -> รถเครน ขนาด 35 ตัน | C17: =หมวดยานพาหนะ!AE11 -> 3 | D17: =หมวดยานพาหนะ!AF11 -> 34100000 | H17: =หมวดยานพาหนะ!AG11 -> 102300000 | I17: 0 | J17: 0 | K17: ='ประมาณเบิกจ่าย หมวดยานพาหนะ'!BQ12 -> 102300000
A18: 7 | B18: =หมวดยานพาหนะ!B12 -> รถหัวลากติดเครน พร้อมรถกึ่งพ่วงแบบพื้นราบ (Flat Bed) แบบขยายความยาวได้ | C18: =หมวดยานพาหนะ!AE12 -> 9 | D18: =หมวดยานพาหนะ!AF12 -> 13480000 | H18: =หมวดยานพาหนะ!AG12 -> 121320000 | I18: 0 | J18: 0 | K18: ='ประมาณเบิกจ่าย หมวดยานพาหนะ'!BQ15 -> 121320000
A19: 8 | B19: =หมวดยานพาหนะ!B13 -> รถบรรทุก 6 ตัน กระบะยาว | C19: =หมวดยานพาหนะ!AE13 -> 2 | D19: =หมวดยานพาหนะ!AF13 -> 2110000 | H19: =หมวดยานพาหนะ!AG13 -> 4220000 | I19: ='ประมาณเบิกจ่าย หมวดยานพาหนะ'!BO16 -> 4220000 | J19: 0 | K19: 0
A20: 9 | B20: =หมวดยานพาหนะ!B14 -> รถบรรทุก 6 ล้อติดเครนพับ พร้อมกระบะบรรทุกความยาว ไม่น้อยกว่า 6 เมตร พร้อมหลังคาเลื่อนเปิด - ปิด ได้ตลอด | C20: =หมวดยานพาหนะ!AE14 -> 1 | D20: =หมวดยานพาหนะ!AF14 -> 3680000 | H20: =หมวดยานพาหนะ!AG14 -> 3680000 | I20: 0 | J20: 0 | K20: ='ประมาณเบิกจ่าย หมวดยานพาหนะ'!BQ17 -> 3680000
A21: 10 | B21: =หมวดยานพาหนะ!B15 -> รถขุดเจาะ 4x4 | C21: =หมวดยานพาหนะ!AE15 -> 2 | D21: =หมวดยานพาหนะ!AF15 -> 14900000 | H21: =หมวดยานพาหนะ!AG15 -> 29800000 | I21: 0 | J21: 0 | K21: ='ประมาณเบิกจ่าย หมวดยานพาหนะ'!BQ25 -> 29800000
A22: รวมเป็นวงเงินทั้งสิ้น | H22: =SUM(H12:H21) -> 1036780000 | I22: =SUM(I12:I21) -> 67520000 | J22: =SUM(J12:J21) -> 279540000 | K22: =SUM(K12:K21) -> 689720000
A29: หมายเหตุ | B29: 1. หมวด ให้ระบุหมวดที่ขอตั้งงบประมาณ เช่น หมวดเครื่องจักรอุปกรณ์ ,หมวดยานพาหนะ
B30: 2. กรณีจัดซื้อเครื่องมือเครื่องใช้ขนาดเล็ก ให้ระบุรายละเอียดครุภัณฑ์ เช่น ครุภัณฑ์สื่อสาร, ครุภัณฑ์โรงงานโรงซ่อม

Sheet 008 (2)
L1: แบบ งป.008
A2: แบบฟอร์ม
A3: หมวดเครื่องมือ เครื่องใช้ขนาดเล็ก
A4: รายละเอียดครุภัณฑ์ จัดหาเครื่องมือเครื่องใช้
A5: ปีงบประมาณ..........2568.......................
A6: กลุ่มโครงสร้าง
A7: ชื่องาน แผนงานสนับสนุนการดำเนินงาน ระยะที่ 6
A8: หน่วยงาน สายงานวางแผนและวิศวกรรม
L9: หน่วย : บาท
A10: ที่ | B10: รายการ | C10: จำนวน | D10: ราคา ต่อหน่วย | E10: แหล่งที่มาของราคาที่ขอตั้งงบประมาณ | H10: วงเงินรวม | I10: ประมาณจ่าย | L10: คำชี้แจง
E11: ครั้งสุดท้ายเมื่อ ................. | F11: ท้องตลาด เฉลี่ย 3 บริษัท | G11: อื่นๆ | I11: ปี 2568 | J11: ปี 2569 | K11: ปี 2570
A12: 1 | B12: จัดหาเครื่องมือเครื่องใช้เพิ่มเติมและทดแทน | C12: =SUM('เครื่องมือ(ส่วนกลาง) ปี 2568'!AD254:AE254)+SUM('เครื่องมือ(ส่วนภูมิภาค) ปี 2568'!AB262:AC262) -> 970 | H12: ='เครื่องมือ(ส่วนกลาง) ปี 2568'!BH254+'เครื่องมือ(ส่วนภูมิภาค) ปี 2568'!BD262 -> 522930000 | I12: 130000000 | J12: 185000000 | K12: =H12-I12-J12 -> 207930000
A29: หมายเหตุ | B29: 1. หมวด ให้ระบุหมวดที่ขอตั้งงบประมาณ เช่น หมวดเครื่องจักรอุปกรณ์ ,หมวดยานพาหนะ
B30: 2. กรณีจัดซื้อเครื่องมือเครื่องใช้ขนาดเล็ก ให้ระบุรายละเอียดครุภัณฑ์ เช่น ครุภัณฑ์สื่อสาร, ครุภัณฑ์โรงงานโรงซ่อม

Sheet 009
A2: รายงานความก้าวหน้าของแผนจัดซื้อ/จัดจ้างตามงบลงทุนเพื่อการดำเนินงานปกติ
A3: ที่ขอตั้งงบประมาณประจำปี 2568
A4: กลุ่มโครงสร้าง
A5: ชื่องาน แผนงานสนับสนุนการดำเนินงาน ระยะที่ 6
A6: หน่วยงาน สายงานวางแผนและวิศวกรรม
T7: หน่วย : ล้านบาท(ทศนิยม 3 ตำแหน่ง)
A8: ลำดับ | B8: ขั้นตอนการดำเนินงาน | C8: วงเงิน | D8: กำหนดเวลาดำเนินการใช้เงิน
C9: ดำเนินการ | D9: ปี 2568 - ปีสิ้นสุดการเบิกจ่าย/แผนงาน | Q9: ปี 2569 | R9: ปี 25670 | S9: ปี 25671 | T9: ปี 25672
A10: ที่ | C10: ปี 2568 | D10: ม.ค. | E10: ก.พ. | F10: มี.ค. | G10: เม.ย. | H10: พ.ค. | I10: มิ.ย. | J10: ก.ค. | K10: ส.ค. | L10: ก.ย. | M10: ต.ค. | N10: พ.ย. | O10: ธ.ค. | P10: รวม
A11: 1 | B11: อนุมัติหลักการ / อนุมัติสเปค
A12: 2 | B12: การดำเนินการจัดซื้อจัดจ้าง
B13: - จัดทำเอกสารประกวดราคา/สอบราคา
B14: - ประกวดราคา /สอบราคา
B15: - อนุมัติจัดซื้อ / จัดจ้าง
B16: - ทำสัญญา
A17: 3 | B17: ส่งของ / ดำเนินการก่อสร้าง
A18: 4 | B18: ตรวจรับและทดสอบ
A19: 5 | B19: เบิกจ่ายเงิน(ล้านบาท)
B20: - หมวดที่ดิน | D20: 0 | E20: 0 | F20: 0 | G20: 0 | H20: 0 | I20: 0 | J20: 0 | K20: 0 | L20: 0 | M20: 0 | N20: 0 | O20: ='004-4'!H7/1000000 -> 92.5 | P20: =SUM(D20:O20) -> 92.5 | Q20: ='004-4'!I7/1000000 -> 193.9 | R20: ='004-4'!J7/1000000 -> 204.9 | S20: ='004-4'!K7/1000000 -> 0 | T20: ='004-4'!L7/1000000 -> 0
B21: - หมวดสิ่งก่อสร้าง | D21: 0 | E21: 0 | F21: 0 | G21: 0 | H21: 0 | I21: 0 | J21: 0 | K21: 0 | L21: 0 | M21: =('004-4'!H9*0.2+'004-4'!H14*0.2)/1000000 -> 11.705 | N21: =('004-4'!H9*0.4+'004-4'!H14*0.4)/1000000 -> 23.41 | O21: =('004-4'!H9*0.4+'004-4'!H14*0.4)/1000000 -> 23.41 | P21: =SUM(D21:O21) -> 58.525 | Q21: =('004-4'!I9+'004-4'!I14)/1000000 -> 403.534 | R21: =('004-4'!J9+'004-4'!J14)/1000000 -> 298.865 | S21: =('004-4'!K9+'004-4'!K14)/1000000 -> 24.967 | T21: =('004-4'!L9+'004-4'!L14)/1000000 -> 31.209
B22: - หมวดเครื่องมือเครื่องใช้ | D22: 0 | E22: 0 | F22: 0 | G22: 0 | H22: 0 | I22: 30 | J22: 0 | K22: 0 | L22: 40 | M22: 0 | N22: 0 | O22: 60 | P22: =SUM(D22:O22) -> 130 | Q22: ='008 (2)'!J12/1000000 -> 185 | R22: ='008 (2)'!K12/1000000 -> 207.93 | S22: ='008 (2)'!L12/1000000 -> 0 | T22: ='008 (2)'!M12/1000000 -> 0
B23: - หมวดยานพาหนะ | D23: 0 | E23: 0 | F23: 0 | G23: 0 | H23: 0 | I23: 0 | J23: 0 | K23: 0 | L23: 0 | M23: 0 | N23: 0 | O23: ='008'!I22/1000000 -> 67.52 | P23: =SUM(D23:O23) -> 67.52 | Q23: ='008'!J22/1000000 -> 279.54 | R23: ='008'!K22/1000000 -> 689.72 | S23: ='008'!L22/1000000 -> 0 | T23: ='008'!M22/1000000 -> 0
B24: (ระบุวงเงินแต่ละเดือนให้ชัดเจน)
A25: หมายเหตุ | B25: 1. ให้แสดง Workflow สถานะการดำเนินงานตามขั้นตอนต่าง ๆ เป็นรายเดือนตั้งแต่ปีที่ตั้งงบประมาณจนสิ้นสุดแผนงาน | U25: แบบ งป.009
B26: 2. การประมาณเบิกจ่ายรายเดือน แยกรายละเอียด การจัดซื้ออุปกรณ์, ค่าใช้จ่ายหน้างาน, ค่าจ้างเหมาก่อสร้าง สำหรับสำรองค่าปรับราคา ไม่ต้องประมาณจ่าย
B27: 3. สำหรับแผนงานที่ได้รับอนุมัติแล้ว ให้แสดง work flow ตั้งแต่เริ่มแผนจนสิ้นสุดแผนงงาน

Sheet 010-1
A2: แผนการลงทุนรายปี (การลงทุนเพื่อการดำเนินงานปกติ)
A3: กลุ่มโครงสร้าง..............................................
A4: ชื่องาน แผนงานสนับสนุนการดำเนินงาน ระยะที่ 6
A5: หน่วยงาน สายงานวางแผนและวิศวกรรม
J6: หน่วย : บาท
C7: ระยะเวลาดำเนินการ | J7: รวม
A8: รายการ | C8: วงเงินลงทุน
C9: ปีที่เริ่มต้น-ถึงปี 2566 | D9: ปี 2567 | E9: ปี 2568 | F9: ปี 2569 | G9: ปี 2570 | H9: ปี 2571 | I9: ปี 2572-สิ้นสุดแผนงาน
A10: 1. หมวดที่ดิน | E10: ='004-4'!M7 -> 491300000 | J10: =E10 -> 491300000
A11: 2. หมวดสิ่งก่อสร้าง
A12: งานโยธา | E12: ='004-4'!M9 -> 793300000 | J12: =E12 -> 793300000
A13: งานระบบไฟฟ้า
B14: - ค่าวัสดุอุปกรณ์
B15: - ค่าแรงงาน
B16: - ค่าขนส่ง
B17: - ค่าสำรวจออกแบบและควบคุมงาน | E17: ='004-4'!M14 -> 23800000 | J17: =E17 -> 23800000
B18: - ค่าเบ็ดเตล็ด
B19: - อื่น ๆ
B20: รวมงานระบบไฟฟ้า
A21: 3. หมวดเครื่องจักรอุปกรณ์
A22: 4. หมวดยานพาหนะ | E22: ='004-4'!M19 -> 1036780000 | J22: =E22 -> 1036780000
A23: 5. หมวดเครื่องมือเครื่องใช้ขนาดเล็ก | E23: ='004-4'!M20 -> 522930000 | J23: =E23 -> 522930000
A24: 6. หมวดวิจัยและพัฒนา
A25: 7. หมวดอื่น ๆ
A26: รวม | E26: =SUM(E10:E25) -> 2868110000 | J26: =E26 -> 2868110000
A27: สำรองค่าปรับราคา(กรณีแผนระยะยาว)
B28: รวมทั้งสิ้น | E28: =E26 -> 2868110000 | J28: =E28 -> 2868110000
A29: หมายเหตุ* | B29: 1. วงเงินลงทุนรวมต้องเท่ากับวงเงินเต็มแผนงาน
B30: 2. สำรองค่าปรับราคา เป็นการตั้งวงเงินสำหรับสมทบการจัดซื้อ จัดจ้าง/จ้างเหมา กรณีเป็นแผนงานใหม่ จะเริ่มตั้งสำรองราคาปี 2569 จนสิ้นสุดแผน | J30: แบบ งป.010/1

Sheet 010-2
A2: แผนการจ่ายเงินตามงบผูกพันปี 2568 (กรณีแผนระยะยาว/งานต่อเนื่อง)
V3: หน่วย : บาท
A4: รายการ | B4: วงเงินเต็ม แผนงาน | C4: อนุมัติถึง ปี 2568 | D4: จ่ายจริงถึง ปี 2570 | E4: ปี 2568 | K4: ปี 2569 | Q4: ปี 2570
E5: งบประมาณ | H5: ประมาณจ่าย | K5: งบประมาณ | N5: ประมาณจ่าย | Q5: งบประมาณ | T5: ประมาณจ่าย
E6: ผูกพัน | F6: ลงทุน | G6: รวม | H6: ผูกพัน | I6: ลงทุน | J6: รวม | K6: ผูกพัน | L6: ลงทุน | M6: รวม | N6: ผูกพัน | O6: ลงทุน | P6: รวม | Q6: ผูกพัน | R6: ลงทุน | S6: รวม | T6: ผูกพัน | U6: ลงทุน | V6: รวม
A7: 1. หมวดที่ดิน | B7: =วงเงิน!B5*1000000 -> 491300000 | C7: ='004-4'!M7 -> 491300000 | F7: =C7 -> 491300000 | G7: =E7+F7 -> 491300000 | I7: ='004-4'!H7 -> 92500000 | J7: =I7 -> 92500000 | K7: =G7-J7 -> 398800000 | M7: =K7+L7 -> 398800000 | N7: ='004-4'!I7 -> 193900000 | P7: =N7 -> 193900000 | Q7: =M7-P7 -> 204900000 | S7: =Q7 -> 204900000 | T7: =S7 -> 204900000 | V7: =T7 -> 204900000
A8: 2. หมวดสิ่งก่อสร้าง
A9: งานโยธา | B9: =วงเงิน!B6*1000000 -> 1917600000 | C9: ='004-4'!M9 -> 793300000 | F9: =C9 -> 793300000 | G9: =F9+E9 -> 793300000 | I9: ='004-4'!H9 -> 56820000 | J9: =I9 -> 56820000 | K9: =G9-J9 -> 736480000 | M9: =K9+L9 -> 736480000 | N9: ='004-4'!I9 -> 391780000 | P9: =N9 -> 391780000 | Q9: =M9-P9 -> 344700000 | S9: =Q9 -> 344700000 | T9: ='004-4'!J9 -> 290160000 | V9: =T9 -> 290160000
A10: งานระบบไฟฟ้า
A11: - ค่าวัสดุอุปกรณ์
A12: - ค่าแรงงาน
A13: - ค่าขนส่ง
A14: - ค่าสำรวจออกแบบและควบคุม | B14: =วงเงิน!B7*1000000 -> 57530000 | C14: ='004-4'!M14 -> 23800000 | F14: =C14 -> 23800000 | G14: =F14+E14 -> 23800000 | I14: ='004-4'!H14 -> 1705000 | J14: =I14 -> 1705000 | K14: =G14-J14 -> 22095000 | M14: =K14+L14 -> 22095000 | N14: ='004-4'!I14 -> 11754000 | P14: =N14 -> 11754000 | Q14: =M14-P14 -> 10341000 | S14: =Q14 -> 10341000 | T14: ='004-4'!J14 -> 8705000 | V14: =T14 -> 8705000
A15: - ค่าเบ็ดเตล็ต
A16: - อื่น ๆ
A17: รวมงานระบบไฟฟ้า
A18: 3. หมวดเครื่องอุปกรณ์ไฟฟ้า
A19: 4. หมวดยานพาหนะ | B19: =วงเงิน!B9*1000000 -> 2094745000 | C19: ='004-4'!M19 -> 1036780000 | F19: =C19 -> 1036780000 | G19: =F19+E19 -> 1036780000 | I19: ='004-4'!H19 -> 67520000 | J19: =I19 -> 67520000 | K19: =G19-J19 -> 969260000 | M19: =K19+L19 -> 969260000 | N19: ='004-4'!I19 -> 279540000 | P19: =N19 -> 279540000 | Q19: =M19-P19 -> 689720000 | S19: =Q19 -> 689720000 | T19: ='004-4'!J19 -> 689720000 | V19: =T19 -> 689720000
A20: 5. หมวดเครื่องมือเครื่องใช้ขนาดเล็ก | B20: =วงเงิน!B8*1000000 -> 1363596000 | C20: ='004-4'!M20 -> 522930000 | F20: =C20 -> 522930000 | G20: =F20+E20 -> 522930000 | I20: ='004-4'!H20 -> 130000000 | J20: =I20 -> 130000000 | K20: =G20-J20 -> 392930000 | M20: =K20+L20 -> 392930000 | N20: ='004-4'!I20 -> 185000000 | P20: =N20 -> 185000000 | Q20: =M20-P20 -> 207930000 | S20: =Q20 -> 207930000 | T20: ='004-4'!J20 -> 207930000 | V20: =T20 -> 207930000
A21: 6. หมวดวิจัยและพัฒนา
A22: 7. หมวดอื่น ๆ
A23: รวม | B23: =SUM(B7:B20) -> 5924771000 | C23: =SUM(C7:C20) -> 2868110000 | F23: =SUM(F7:F20) -> 2868110000 | G23: =SUM(G7:G20) -> 2868110000 | I23: =SUM(I7:I20) -> 348545000 | J23: =I23+H23 -> 348545000 | K23: =G23-J23 -> 2519565000 | M23: =K23+L23 -> 2519565000 | N23: =SUM(N7:N20) -> 1061974000 | P23: =N23 -> 1061974000 | Q23: =M23-P23 -> 1457591000 | S23: =Q23 -> 1457591000 | T23: =SUM(T7:T20) -> 1401415000 | V23: =T23 -> 1401415000
A24: สำรองค่าปรับราคา | B24: =วงเงิน!B11*1000000 -> 2.25229e+08
A25: รวมทั้งสิ้น | B25: =B23+B24 -> 6150000000 | C25: =C23+C24 -> 2868110000 | F25: =F23+F24 -> 2868110000 | G25: =G23+G24 -> 2868110000 | I25: =I23+I24 -> 348545000 | J25: =J23+J24 -> 348545000 | K25: =K23+K24 -> 2519565000 | M25: =M23+M24 -> 2519565000 | N25: =N23+N24 -> 1061974000 | P25: =N25 -> 1061974000 | Q25: =Q23+Q24 -> 1457591000 | S25: =Q25 -> 1457591000 | T25: =T23+T24 -> 1401415000 | V25: =T25 -> 1401415000
W28: แบบ งป.010/2

Sheet 010-3
P1: แบบ งป. 010/3
A2: เป้าหมายการเบิกจ่ายรายเดือน ปี 2568 แยกรายภาคและสำนักงานใหญ่
A3: หน่วยงาน...................................................................
A4: งาน/แผนงาน.............................................................
A5: ชุด (ผูกพัน+ลงทุน) | P5: หน่วย: ล้านบาท
A6: ลำดับ ที่ | B6: ศูนย์การไฟฟ้า | D6: ประมาณจ่ายปี 2568
D7: ม.ค. | E7: ก.พ. | F7: มี.ค. | G7: เม.ย. | H7: พ.ค. | I7: มิ.ย. | J7: ก.ค. | K7: ส.ค. | L7: ก.ย. | M7: ต.ค. | N7: พ.ย. | O7: ธ.ค. | P7: รวม
A9: 1 | B9: การไฟฟ้าภาค 1
A10: 2 | B10: การไฟฟ้าภาค 2
A11: 3 | B11: การไฟฟ้าภาค 3
A12: 4 | B12: การไฟฟ้าภาค 4
A13: 5 | B13: สำนักงานใหญ่
A14: รวมทั้งสิ้น
C15: หมายเหตุ - ดำเนินการภายหลังจากได้รับอนุมัติงบประมาณประจำปีจากคณะกรรมการ กฟภ. แล้ว
C16: - ประมาณจ่ายแบ่งตามพื้นที่ดำเนินการ (ภาค 1-4 , สำนักงานใหญ่)

Sheet 011
A2: ประมาณการวัสดุอุปกรณ์นำเข้าจากต่างประเทศ (Import Content)
A3: ประจำปี .......2568...............
A4: (งบลงทุนเพื่อการดำเนินงานปกติ)
A5: กลุ่มโครงสร้าง..............................................
A6: ชื่องาน
A7: หน่วยงาน
T8: หน่วย : บาท
A9: ที่ | B9: รายการ | C9: ปีเริ่มต้น - ปี 2565 | D9: ปี 2566 | E9: ปี 2567 | F9: ปี 2568 | S9: ปี 2569 | T9: ปี 2570 - ปีสิ้นสุด
F10: ประมาณการเบิกจ่ายรายเดือน | R10: รวม
F11: ม.ค. | G11: ก.พ. | H11: มี.ค. | I11: เม.ย. | J11: พ.ค. | K11: มิ.ย. | L11: ก.ค. | M11: ส.ค. | N11: ก.ย. | O11: ต.ค. | P11: พ.ย. | Q11: ธ.ค.
B12: ทางตรง
B18: ทางอ้อม
B19: หมายถึง การจัดซื้อจัดหาผ่านตัวแทนจำหน่าย
B20: หรือผ่านผู้รับเหมา
A27: หมายเหตุ | B27: วัสดุอุปกรณ์นำเข้าจากต่างประเทศ (Import Content) หมายถึง การใช้หรือการนำเข้าพัสดุที่ผลิตสำเร็จรูปแล้วจากต่างประเทศ
B28: ไม่ว่าจะนำเข้าโดยคู่สัญญาหรือบุคคลอื่นใด | U28: แบบ งป.011

Sheet 010-2 (2)
A2: แผนการจ่ายเงินตามงบผูกพันปี 2568 (กรณีแผนระยะยาว/งานต่อเนื่อง)
V3: หน่วย : บาท
A4: รายการ | B4: วงเงินเต็ม แผนงาน | C4: อนุมัติถึง ปี 2568 | D4: จ่ายจริงถึง ปี 2567 | E4: ปี 2571 | K4: ปี 2572 | Q4: ปี 2573
E5: งบประมาณ | H5: ประมาณจ่าย | K5: งบประมาณ | N5: ประมาณจ่าย | Q5: งบประมาณ | T5: ประมาณจ่าย
E6: ผูกพัน | F6: ลงทุน | G6: รวม | H6: ผูกพัน | I6: ลงทุน | J6: รวม | K6: ผูกพัน | L6: ลงทุน | M6: รวม | N6: ผูกพัน | O6: ลงทุน | P6: รวม | Q6: ผูกพัน | R6: ลงทุน | S6: รวม | T6: ผูกพัน | U6: ลงทุน | V6: รวม
A7: 1. หมวดที่ดิน | B7: =วงเงิน!B5*1000000 -> 491300000 | C7: ='004-4'!M7 -> 491300000 | D7: =C7 -> 491300000 | F7: 0 | G7: =E7+F7 -> 0 | I7: 0 | J7: =I7 -> 0 | K7: =G7-J7 -> 0 | M7: =K7+L7 -> 0 | O7: 0 | P7: =O7 -> 0 | Q7: 0 | S7: =Q7 -> 0
A8: 2. หมวดสิ่งก่อสร้าง
A9: งานโยธา | B9: =วงเงิน!B6*1000000 -> 1917600000 | C9: ='004-4'!M9 -> 793300000 | D9: ='010-2'!J9+'010-2'!P9+'010-2'!V9 -> 738760000 | E9: ='010-2'!S9-'010-2'!V9 -> 54540000 | F9: 0 | G9: =F9+E9 -> 54540000 | H9: ='004-4'!K9 -> 24240000 | I9: 0 | J9: =H9 -> 24240000 | K9: =G9-J9 -> 30300000 | M9: =K9+L9 -> 30300000 | N9: ='004-4'!L9 -> 30300000 | O9: 0 | P9: =N9 -> 30300000 | Q9: =M9-P9 -> 0 | S9: =Q9 -> 0 | U9: 0 | V9: =U9 -> 0
A10: งานระบบไฟฟ้า
A11: - ค่าวัสดุอุปกรณ์
A12: - ค่าแรงงาน
A13: - ค่าขนส่ง
A14: - ค่าสำรวจออกแบบและควบคุม | B14: =วงเงิน!B7*1000000 -> 57530000 | C14: ='004-4'!M14 -> 23800000 | D14: ='010-2'!J14+'010-2'!P14+'010-2'!V14 -> 22164000 | E14: ='010-2'!S14-'010-2'!V14 -> 1636000 | F14: 0 | G14: =F14+E14 -> 1636000 | H14: ='004-4'!K14 -> 727000 | I14: 0 | J14: =H14 -> 727000 | K14: =G14-J14 -> 909000 | M14: =K14+L14 -> 909000 | N14: ='004-4'!L14 -> 909000 | O14: 0 | P14: =N14 -> 909000 | Q14: =M14-P14 -> 0 | S14: =Q14 -> 0 | U14: 0 | V14: =U14 -> 0
A15: - ค่าเบ็ดเตล็ต
A16: - อื่น ๆ
A17: รวมงานระบบไฟฟ้า
A18: 3. หมวดเครื่องอุปกรณ์ไฟฟ้า
A19: 4. หมวดยานพาหนะ | B19: =วงเงิน!B9*1000000 -> 2094745000 | C19: ='004-4'!M19 -> 1036780000 | D19: ='010-2 (2)'!C19 -> 1036780000 | F19: 0 | G19: =F19+E19 -> 0 | I19: 0 | J19: =I19 -> 0 | K19: =G19-J19 -> 0 | M19: =K19+L19 -> 0 | O19: 0 | P19: =O19 -> 0 | Q19: 0 | S19: =Q19 -> 0 | U19: 0 | V19: =U19 -> 0
A20: 5. หมวดเครื่องมือเครื่องใช้ขนาดเล็ก | B20: =วงเงิน!B8*1000000 -> 1363596000 | C20: ='004-4'!M20 -> 522930000 | D20: =C20 -> 522930000 | F20: 0 | G20: =F20+E20 -> 0 | I20: 0 | J20: =I20 -> 0 | K20: =G20-J20 -> 0 | M20: =K20+L20 -> 0 | O20: 0 | P20: =O20 -> 0 | Q20: 0 | S20: =Q20 -> 0 | U20: 0 | V20: =U20 -> 0
A21: 6. หมวดวิจัยและพัฒนา
A22: 7. หมวดอื่น ๆ
A23: รวม | B23: =SUM(B7:B20) -> 5924771000 | C23: =SUM(C7:C20) -> 2868110000 | D23: =SUM(D7:D20) -> 2811934000 | E23: =SUM(E7:E20) -> 56176000 | F23: =SUM(F7:F20) -> 0 | G23: =SUM(G7:G20) -> 56176000 | H23: =SUM(H7:H20) -> 24967000 | I23: =SUM(I7:I20) -> 0 | J23: =I23+H23 -> 24967000 | K23: =G23-J23 -> 31209000 | M23: =K23+L23 -> 31209000 | N23: =L23+M23 -> 31209000 | O23: =SUM(O7:O20) -> 0 | P23: =N23+O23 -> 31209000 | Q23: =M23-P23 -> 0 | S23: =Q23 -> 0 | U23: =SUM(U7:U20) -> 0 | V23: =U23 -> 0
A24: สำรองค่าปรับราคา | B24: =วงเงิน!B11*1000000 -> 2.25229e+08
A25: รวมทั้งสิ้น | B25: =B23+B24 -> 6150000000 | C25: =C23+C24 -> 2868110000 | D25: =D23+D24 -> 2811934000 | E25: =E23+E24 -> 56176000 | F25: =F23+F24 -> 0 | G25: =G23+G24 -> 56176000 | H25: =H23+H24 -> 24967000 | I25: =I23+I24 -> 0 | ... K25: =K23+K24 -> 31209000 | M25: =M23+M24 -> 31209000 | N25: =N23+N24 -> 31209000 | O25: =O23+O24 -> 0 | P25: =P23+P24 -> 31209000 | Q25: =Q23+Q24 -> 0 | S25: =Q25 -> 0 | U25: =U23+U24 -> 0 | V25: =U25 -> 0
W28: แบบ งป.010/2

Sheet วงเงิน
A1: แผนสนับสนุนการดำเนินงาน ระยะที่ 6 (ปี 2568 - 2570)
A3: รายการ | B3: วงเงินรวม (ล้านบาท) | C3: จำนวน | D3: วงเงินดำเนินการ (ล้านบาท) | G3: วงเงินคาดจ่าย (ล้านบาท)
C4: (รายการ) | D4: ปี 2568 | E4: ปี 2569 | F4: ปี 2570 | G4: ปี 2568 | H4: ปี 2569 | I4: ปี 2570 | J4: ปี 2571 | K4: ปี 2572
A5: 1. หมวดที่ดิน | B5: =SUM(D5:F5) -> 491.3 | C5: ='[1]สรุปรวม (ที่ดิน+สิ่งก่อสร้าง)'!C8 -> 56 | D5: ='[1]สรุปรวม (ที่ดิน+สิ่งก่อสร้าง)'!D8 -> 491.3 | E5: ='[1]สรุปรวม (ที่ดิน+สิ่งก่อสร้าง)'!E8 -> - | F5: ='[1]สรุปรวม (ที่ดิน+สิ่งก่อสร้าง)'!F8 -> - | G5: ='[2]งานด้านจัดหาที่ดิน 15 พย.66'!N79 -> 92.5 | H5: ='[2]งานด้านจัดหาที่ดิน 15 พย.66'!O79 -> 193.9 | I5: ='[2]งานด้านจัดหาที่ดิน 15 พย.66'!P79 -> 204.9 | J5: 0 | K5: ='[2]งานด้านจัดหาที่ดิน 15 พย.66'!Q79 -> 0 | L5: =G5/$B$5 -> 0.188276 | M5: =H5/$B$5 -> 0.39466721 | N5: =I5/$B$5 -> 0.41705679 | O5: =J5/$B$5 -> 0 | P5: =K5/$B$5 -> 0 | Q5: =SUM(G5:K5)-SUM(D5:F5) -> 0
A6: 2. หมวดสิ่งก่อสร้าง | B6: =SUM(D6:F6) -> 1917.6 | C6: ='[1]สรุปรวม (ที่ดิน+สิ่งก่อสร้าง)'!C10 -> 79 | D6: ='[1]สรุปรวม (ที่ดิน+สิ่งก่อสร้าง)'!D10 -> 793.3 | E6: ='[1]สรุปรวม (ที่ดิน+สิ่งก่อสร้าง)'!E10 -> 632.3 | F6: ='[1]สรุปรวม (ที่ดิน+สิ่งก่อสร้าง)'!F10 -> 492 | G6: =[2]รายละเอียดสิ่งก่อสร้าง!G179 -> 56.82 | H6: =[2]รายละเอียดสิ่งก่อสร้าง!H179 -> 439.8 | I6: =[2]รายละเอียดสิ่งก่อสร้าง!I179 -> 670.43 | J6: =[2]รายละเอียดสิ่งก่อสร้าง!J179 -> 539.8 | K6: =[2]รายละเอียดสิ่งก่อสร้าง!K179 -> 210.75 | L6: =G6/$B$6 -> 0.029630788 | M6: =H6/$B$6 -> 0.22934919 | N6: =I6/$B$6 -> 0.34961932 | O6: =J6/$B$6 -> 0.28149771 | P6: =K6/$B$6 -> 0.109903 | Q6: =SUM(G6:K6)-SUM(D6:F6) -> 0 | R6: 634.7 | S6: 485.6
A7: ค่าสำรววจ-ควบคุมงาน 3% | B7: =SUM(D7:F7) -> 57.53 | D7: ='[1]สรุปรวม (ที่ดิน+สิ่งก่อสร้าง)'!D12 -> 23.8 | E7: ='[1]สรุปรวม (ที่ดิน+สิ่งก่อสร้าง)'!E12 -> 18.97 | F7: ='[1]สรุปรวม (ที่ดิน+สิ่งก่อสร้าง)'!F12 -> 14.76 | G7: =ROUND(G6*0.03,3) -> 1.705 | H7: =ROUND(H6*0.03,3) -> 13.194 | I7: =ROUND(I6*0.03,3) -> 20.113 | J7: =ROUND(J6*0.03,3) -> 16.194 | K7: =ROUND(K6*0.03,3)+0.001 -> 6.324 | L7: =G7/$B$7 -> 0.029636711 | M7: =H7/$B$7 -> 0.22934121 | N7: =I7/$B$7 -> 0.3496089 | O7: =J7/$B$7 -> 0.28148792 | P7: =K7/$B$7 -> 0.10992526 | Q7: =SUM(G7:K7)-SUM(D7:F7) -> 0
A8: 3. หมวดเครื่องมือ-เครื่องใช้ | B8: =SUM(D8:F8) -> 1363.596 | C8: =(SUM('[1]รวมทุกปีเครื่องมือ (ส่วนกลาง)'!AD254:AE254)+SUM('[1]รวมทุกปีเครื่องมือ (ภูมิภาค)'!AB262:AC262)) -> 2622 | D8: =('[1]ปี 2568 (ส่วนกลาง)'!BH254+'[1]ปี 2568 (ภูมิภาค)'!BD262)/1000000 -> 522.93 | E8: =('[1]ปี 2569 (ส่วนกลาง)'!BH254+'[1]ปี 2569 (ภูมิภาค)'!BD262)/1000000 -> 495.626 | F8: =('[1]ปี 2570 (ส่วนกลาง)'!BH254+'[1]ปี 2570 (ภูมิภาค)'!BD262)/1000000 -> 345.04 | G8: 130 | H8: 385 | I8: 460 | J8: 300 | K8: 88.596 | L8: =G8/$B$8 -> 0.095336155 | M8: =H8/$B$8 -> 0.28234169 | N8: =I8/$B$8 -> 0.33734332 | O8: =J8/$B$8 -> 0.22000651 | P8: =K8/$B$8 -> 0.064972323 | Q8: =SUM(G8:K8)-SUM(D8:F8) -> 0 | S8: 68 | T8: 69 | U8: 70 | V8: 71 | W8: 72
A9: 4. หมวดยานพาหนะ | B9: =SUM(D9:F9) -> 2094.745 | C9: ='[1]สรุปแผนงาน (ยานพาหนะ)'!AE16+'[1]สรุปแผนงาน (ยานพาหนะ)'!AE37 -> 519 | D9: ='[1]สรุปแผนงาน (ยานพาหนะ)'!AG16/1000000 -> 1036.78 | E9: ='[1]สรุปแผนงาน (ยานพาหนะ)'!AG37/1000000 -> 1057.965 | F9: 0 | G9: ='[2]ประมาณเบิกจ่าย (ยานพาหนะ)'!BO29/1000000 -> 67.52 | H9: ='[2]ประมาณเบิกจ่าย (ยานพาหนะ)'!BP29/1000000 -> 324.74 | I9: ='[2]ประมาณเบิกจ่าย (ยานพาหนะ)'!BQ29/1000000 -> 893.52 | J9: ='[2]ประมาณเบิกจ่าย (ยานพาหนะ)'!BR29/1000000 -> 808.965 | K9: ='[2]ประมาณเบิกจ่าย (ยานพาหนะ)'!BS29/1000000 -> 0 | L9: =G9/$B$9 -> 0.03223304 | M9: =H9/$B$9 -> 0.15502603 | N9: =I9/$B$9 -> 0.42655311 | O9: =J9/$B$9 -> 0.38618782 | P9: =K9/$B$9 -> 0 | Q9: =SUM(G9:K9)-SUM(D9:F9) -> 0 | S9: =SUM(S10:S17) -> 3 | T9: =SUM(T10:T17) -> 23 | U9: =SUM(U10:U17) -> 35 | V9: =SUM(V10:V17) -> 35 | W9: =SUM(W10:W17) -> 20 | X9: =SUM(X10:X17) -> 0
A10: รวม 4 หมวด | B10: =SUM(B5:B9) -> 5924.771 | D10: =SUM(D5:D9) -> 2868.11 | E10: =SUM(E5:E9) -> 2204.861 | F10: =SUM(F5:F9) -> 851.8 | G10: =SUM(G5:G9) -> 348.545 | H10: =SUM(H5:H9) -> 1356.634 | I10: =SUM(I5:I9) -> 2248.963 | J10: =SUM(J5:J9) -> 1664.959 | K10: =SUM(K5:K9) -> 305.67 | Q10: =SUM(G10:K10)-SUM(D10:F10) -> 0 | S10: 3 | T10: 20 | U10: 12
A11: สำรองราคา | B11: =SUM(D11:F11) -> 225.229 | D11: 0 | E11: 180 | F11: 45.229 | G11: 0 | H11: =ROUND($B$11*H24/100,3) -> 42.794 | I11: =ROUND($B$11*I24/100,3) -> 108.11 | J11: =ROUND($B$11*J24/100,3) -> 60.812 | K11: =ROUND($B$11*K24/100,3)-0.001 -> 13.513 | Q11: =SUM(G11:K11)-SUM(D11:F11) -> 0 | T11: 3 | U11: 20 | V11: 12
A12: รวมทั้งสิ้น | B12: =B11+B10 -> 6150 | C12: =SUM(C5:C9) -> 3276 | D12: =D11+D10 -> 2868.11 | E12: =E11+E10 -> 2384.861 | F12: =F11+F10 -> 897.029 | G12: =G11+G10 -> 348.545 | H12: =H11+H10 -> 1399.428 | I12: =I11+I10 -> 2357.073 | J12: =J11+J10 -> 1725.771 | K12: =K11+K10 -> 319.183 | Q12: =SUM(G12:K12)-SUM(D12:F12) -> 0 | U12: 3 | V12: 20
V13: 3 | W13: 20
M14: =B5+B6+B7 -> 2466.43
M15: 2041.876 | N15: ราคาแก้ไข จาก กอย. 11 พ.ย. 2563
B16: =B5/$B$12 -> 0.079886179 | C16: 9 | M16: =M15-M14 -> -424.554
B17: =B6/$B$12 -> 0.31180488 | C17: 33
B19: =B8/$B$12 -> 0.22172293 | C19: 23
B20: =B9/$B$12 -> 0.34060894 | C20: 35 | V20: เพิ่มอาคารอเนกประสงค์
K21: จัดทำโดย กจก.
J22: วันที่ 16 พฤศจิกายน 2566
G24: =SUM(H10:K10) -> 5576.226 | H24: 19 | I24: 48 | J24: 27 | K24: 6
E26: 128.543 | F26: 97 | H26: 42.853 | I26: 108.261 | J26: 60.897 | K26: 13.532
G27: 485.48945

Sheet รายละเอียดด้านจัดหาที่ดิน
A1: รายละเอียดด้านจัดหาที่ดินที่เสนอจัดตั้ง
A2: แผนงานสนับสนุนการดำเนินงาน ระยะที่ 6 ปีงบประมาณ 2568
A3: บัญชีรายการสิ่งก่อสร้างที่ผ่านหลักเกณฑ์การพิจารณาขั้นต้น
A4: จำนวน 56 รายการ
A7: ที่ | B7: สถานที่ | C7: ขนาดที่ดิน | D7: วงเงิน | E7: ปีงบประมาณ | F7: หมายเหตุ
C8: โดยประมาณ (ไร่) | D8: (ล้านบาท)
A9: กฟน.1
A10: 1 | B10: กฟส.อ.แม่สรวย จ.เชียงราย | C10: 3 - 5 | D10: 10 | E10: 2568 | F10: ซื้อใหม่
A11: 2 | B11: กฟส.ต.นางแล จ.เชียงราย | C11: 3 - 5 | D11: 30 | E11: 2568 | F11: ซื้อใหม่
A12: กฟน.2
A13: 3 | B13: กฟย.อ.ลับแล จ.อุตรดิตถ์ | C13: 3 - 5 | D13: 14.5 | E13: 2568 | F13: ซื้อใหม่
A14: 4 | B14: กฟย.อ.บึงสามัคคี จ.กำแพงเพชร | C14: 3 - 5 | D14: 5 | E14: 2568 | F14: ซื้อใหม่
A15: 5 | B15: กฟย.อ.วังทรายพูน จ.พิจิตร | C15: 3 - 5 | D15: 9.5 | E15: 2568 | F15: ซื้อใหม่
A16: 6 | B16: กฟย.อ.ดงเจริญ จ.พิจิตร | C16: 3 - 5 | D16: 9.5 | E16: 2568 | F16: ซื้อใหม่
A17: 7 | B17: กฟจ.กำแพงเพชร | C17: 0-0-88 | D17: 1.5 | E17: 2568 | F17: ซื้อขยายสำนักงานเดิม
A18: กฟน.3
A19: 8 | B19: กฟย.ต.หัวหวาย จ.นครสวรรค์ | C19: 3 - 5 | D19: 4 | E19: 2568 | F19: ซื้อใหม่
A20: 9 | B20: กฟย.อ.ห้วยคต จ.อุทัยธานี | C20: 3 - 5 | D20: 6 | E20: 2568 | F20: ซื้อใหม่
A21: 10 | B21: กฟย.อ.หนองมะโมง จ.ชัยนาท | C21: 3 - 5 | D21: 5 | E21: 2568 | F21: ซื้อใหม่
A22: 11 | B22: กฟย.อ.หนองขาหย่าง จ.อุทัยธานี | C22: 3 - 5 | D22: 4 | E22: 2568 | F22: ซื้อใหม่
A23: 12 | B23: กฟย.ต.พุเตย จ.เพชรบูรณ์ | C23: 3 - 5 | D23: 5.5 | E23: 2568 | F23: ซื้อใหม่
A24: 13 | B24: กฟย.บ.หนองเบน จ.นครสวรรค์ | C24: 3 - 5 | D24: 8 | E24: 2568 | F24: ซื้อใหม่
A25: 14 | B25: กฟย.อ.โกรกพระ จ.นครสวรรค์ | C25: 3 - 5 | D25: 7.5 | E25: 2568 | F25: ซื้อใหม่
A26: กฟฉ.1
A27: 15 | B27: กฟย.อ.ชนบท จ.ขอนแก่น | C27: 3 - 5 | D27: 3.3 | E27: 2568 | F27: ซื้อใหม่
A28: 16 | B28: กฟย.อ.อุบลรัตน์ จ.ขอนแก่น | C28: 3 - 5 | D28: 6 | E28: 2568 | F28: ซื้อใหม่
A29: 17 | B29: กฟย.อ.ไชยวาน จ.อุดรธานี | C29: 3 - 5 | D29: 3.3 | E29: 2568 | F29: ซื้อใหม่
A30: 18 | B30: กฟย.อ.ทุ่งฝน จ.อุดรธานี | C30: 3 - 5 | D30: 3.3 | E30: 2568 | F30: ซื้อใหม่
A31: 19 | B31: กฟย.อ.หนองหิน จ.เลย | C31: 3 - 5 | D31: 5.7 | E31: 2568 | F31: ซื้อใหม่
A32: 20 | B32: กฟย.อ.ศรีวิไล จ.บึงกาฬ | C32: 3 - 5 | D32: 4.5 | E32: 2568 | F32: ซื้อใหม่
A33: 21 | B33: กฟย.อ.สุวรรณคูหา จ.หนองบัวลำภู | C33: 3 - 5 | D33: 3.6 | E33: 2568 | F33: ซื้อใหม่
A34: 22 | B34: กฟย.อ.พระยืน จ.ขอนแก่น | C34: 3 - 5 | D34: 6 | E34: 2568 | F34: ซื้อใหม่
A35: 23 | B35: กฟย.อ.บ้านแฮด จ.ขอนแก่น | C35: 3 - 5 | D35: 6.9 | E35: 2568 | F35: ซื้อใหม่
A36: กฟฉ.2
A37: 24 | B37: กฟย.อ.ศรีเมืองใหม่ จ.อุบลราชธานี | C37: 3 - 5 | D37: 7.5 | E37: 2568 | F37: ซื้อใหม่
A38: 25 | B38: กฟย.อ.ตาลสุม จ.อุบลราชธานี | C38: 3 - 5 | D38: 7.5 | E38: 2568 | F38: ซื้อใหม่
A39: 26 | B39: กฟย.อ.น้ำเกลี้ยง จ.ศรีสะเกษ | C39: 3 - 5 | D39: 7.5 | E39: 2568 | F39: ซื้อใหม่
A40: 27 | B40: กฟย.อ.เชียงขวัญ จ.ร้อยเอ็ด | C40: 3 - 5 | D40: 7.5 | E40: 2568 | F40: ซื้อใหม่
A41: 28 | B41: กฟย.อ.โพนทราย จ.ร้อยเอ็ด | C41: 3 - 5 | D41: 7.5 | E41: 2568 | F41: ซื้อใหม่
A42: 29 | B42: กฟย.อ.กุดรัง จ.มหาสารคาม | C42: 3 - 5 | D42: 7.5 | E42: 2568 | F42: ซื้อใหม่
A43: กฟฉ.3
A44: 30 | B44: กฟส.อ.สูงเนิน จ.นครราชสีมา | C44: 3 - 5 | D44: 6 | E44: 2568 | F44: ซื้อใหม่
A45: 31 | B45: กฟย.ต.กลางดง จ.นครราชสีมา | C45: 3 - 5 | D45: 6 | E45: 2568 | F45: ซื้อใหม่
A46: 32 | B46: กฟย.อ.ขามทะเลสอ จ.นครราชสีมา 3 | C46: 3 - 5 | D46: 5.4 | E46: 2568 | F46: ซื้อใหม่
A47: 33 | B47: กฟย.ต.ห้วยบง จ.นครราชสีมา | C47: 3 - 5 | D47: 3.6 | E47: 2568 | F47: ซื้อใหม่
A48: 34 | B48: กฟย.ต.คลองม่วง จ.นครราชสีมา | C48: 3 - 5 | D48: 6 | E48: 2568 | F48: ซื้อใหม่
A49: 35 | B49: กฟย.อ.เทพสถิต จ.ชัยภูมิ | C49: 3 - 5 | D49: 4.5 | E49: 2568 | F49: ซื้อใหม่
A50: 36 | B50: กฟย.อ.จอมพระ จ.สุรินทร์ | C50: 3 - 5 | D50: 1.5 | E50: 2568 | F50: ซื้อใหม่
A51: 37 | B51: กฟย.อ.บัวเชด จ.สุรินทร์ | C51: 3 - 5 | D51: 6 | E51: 2568 | F51: ซื้อใหม่
A52: 38 | B52: กฟย.อ.เทพารักษ์ จ.นครราชสีมา | C52: 3 - 5 | D52: 1.2 | E52: 2568 | F52: ซื้อใหม่
A53: กฟก.1
A54: 39 | B54: กฟย.อ.บางบาล จ.พระนครศรีอยุธยา | C54: 3 - 5 | D54: 3.4 | E54: 2568 | F54: ซื้อใหม่
A55: 40 | B55: กฟย.ต.ท่าตูม จ.ปราจีนบุรี | C55: 3 - 5 | D55: 8.4 | E55: 2568 | F55: ซื้อใหม่
A56: 41 | B56: กฟย.อ.บ้านหมอ จ.พระนครศรีอยุธยา | C56: 3 - 5 | D56: 10.2 | E56: 2568 | F56: ซื้อใหม่
A57: 42 | B57: กฟย.อ.เขาฉกรรจ์ จ.สระแก้ว | C57: 3 - 5 | D57: 18 | E57: 2568 | F57: ซื้อใหม่
A58: กฟก.2
A59: 43 | B59: กฟอ.ปลวกแดง จ.ระยอง | C59: 5 - 10 | D59: 40 | E59: 2568 | F59: ซื้อใหม่
A60: กฟก.3
A61: 44 | B61: กฟอ.เดิมบางนางบวช จ.สุพรรณบุรี | C61: 5 - 10 | D61: 20 | E61: 2568 | F61: ซื้อใหม่
A62: 45 | B62: กฟย.ต.บางหลวง จ.นครปฐม | C62: 3 - 5 | D62: 7.5 | E62: 2568 | F62: ซื้อใหม่
A63: 46 | B63: กฟย.ต.มะขามล้ม จ.สุพรรณบุรี | C63: 3 - 5 | D63: 6 | E63: 2568 | F63: ซื้อใหม่
A64: กฟต.1
A65: 47 | B65: กฟจ.ประจวบคีรีขันธ์ | C65: 5 - 10 | D65: 50 | E65: 2568 | F65: ซื้อใหม่
A66: กฟต.2
A67: 48 | B67: กฟส.อ.คีรีรัฐนิคม จ.สุราษฎร์ธานี | C67: 3 - 5 | D67: 9 | E67: 2568 | F67: ซื้อใหม่
A68: 49 | B68: กฟย.อ.พนม จ.สุราษฎร์ธานี | C68: 3 - 5 | D68: 9 | E68: 2568 | F68: ซื้อใหม่
A69: 50 | B69: กฟย.อ.ท่าฉาง จ.สุราษฎร์ธานี | C69: 3 - 5 | D69: 14 | E69: 2568 | F69: ซื้อใหม่
A70: 51 | B70: กฟย.อ.รัษฎา จ.ตรัง | C70: 3 - 5 | D70: 8 | E70: 2568 | F70: ซื้อใหม่
A71: กฟต.3
A72: 52 | B72: กฟย.อ.ป่าพะยอม จ.พัทลุง | C72: 3 - 5 | D72: 9.5 | E72: 2568 | F72: ซื้อใหม่
A73: 53 | B73: กฟย.อ.คลองหอยโข่ง จ.สงขลา | C73: 3 - 5 | D73: 9.5 | E73: 2568 | F73: ซื้อใหม่
A74: 54 | B74: กฟย.อ.กระแสสินธุ์ จ.สงขลา | C74: 3 - 5 | D74: 8 | E74: 2568 | F74: ซื้อใหม่
A75: 55 | B75: กฟย.อ.แว้ง จ.นราธิวาส | C75: 3 - 5 | D75: 6 | E75: 2568 | F75: ซื้อใหม่
A76: 56 | B76: กฟย.อ.มะนัง จ.สตูล | C76: 3 - 5 | D76: 7 | E76: 2568 | F76: ซื้อใหม่

Sheet รายละเอียดด้านสิ่งก่อสร้าง
A1: รายละเอียดด้านสิ่งก่อสร้างที่เสนอจัดตั้ง
A2: แผนงานสนับสนุนการดำเนินงาน ระยะที่ 6 ปีงบประมาณ 2568
A3: จำนวน 31 รายการ
A4: ที่ | B4: สถานที่ | C4: รายการก่อสร้าง | D4: วงเงิน (ล้านบาท)
D5: ปีงบประมาณ
D6: 2568
A7: กฟน.1
A8: 1 | B8: กฟอ.หางดง จ.เชียงใหม่ | C8: ก่อสร้างอาคารสำนักงาน และสิ่งก่อสร้างประกอบอื่น ๆ | D8: 32.2
A9: =A8+1 -> 2 | B9: กฟอ.เทิง จ.เชียงราย | C9: ก่อสร้างอาคารสำนักงาน และสิ่งก่อสร้างประกอบอื่น ๆ | D9: 28.7
A10: กฟน.2
A11: 3 | B11: กฟอ.สวรรคโลก จ.สุโขทัย | C11: ก่อสร้างอาคารสำนักงาน และสิ่งก่อสร้างประกอบอื่น ๆ | D11: 35.9
B12: (ก่อสร้างที่คลังพัสดุ กฟอ.สวรรคโลก)
A13: =A11+1 -> 4 | B13: กฟอ.สวรรคโลก จ.สุโขทัย | C13: ก่อสร้างอาคารพักอาศัยรวม และสิ่งก่อสร้างประกอบอื่น ๆ | D13: 9
B14: (ก่อสร้างที่สำนักงานเดิม)
A15: กฟน.3
A16: 5 | B16: กฟส.อ.หนองม่วง จ.ลพบุรี | C16: ก่อสร้างอาคารสำนักงาน และสิ่งก่อสร้างประกอบอื่น ๆ | D16: 31.7
A17: =A16+1 -> 6 | B17: กฟส.อ.บ้านหมี่ จ.ลพบุรี | C17: ก่อสร้างอาคารสำนักงาน และสิ่งก่อสร้างประกอบอื่น ๆ | D17: 26.1
A18: กฟฉ.1
A19: 7 | B19: กฟส.อ.พล จ.ขอนแก่น | C19: ก่อสร้างอาคารสํานักงาน และสิ่งก่อสร้างประกอบอื่น ๆ | D19: 28.2
A20: =A19+1 -> 8 | B20: กฟส.อ.กระนวน จ.ขอนแก่น | C20: ก่อสร้างอาคารสํานักงาน และสิ่งก่อสร้างประกอบอื่น ๆ | D20: 22.9
A21: กฟฉ.2
A22: 9 | B22: กฟส.อ.อุทุมพรพิสัย จ.ศรีสะเกษ | C22: ก่อสร้างอาคารสํานักงาน และสิ่งก่อสร้างประกอบอื่น ๆ | D22: 39.7
A23: =A22+1 -> 10 | B23: กฟย.อ.ดงหลวง จ.มุกดาหาร | C23: ก่อสร้างอาคารสํานักงาน และสิ่งก่อสร้างประกอบอื่น ๆ | D23: 15.5
A24: กฟฉ.3
A25: 11 | B25: กฟย.อ.หนองบัวระเหว จ.ชัยภูมิ | C25: ก่อสร้างอาคารสํานักงาน และสิ่งก่อสร้างประกอบอื่น ๆ | D25: 11.8
A26: =A25+1 -> 12 | B26: กฟส.อ.หนองบุญมาก จ.นครราชสีมา | C26: ก่อสร้างอาคารสํานักงาน และสิ่งก่อสร้างประกอบอื่น ๆ | D26: 37.3
A27: กฟก.1
A28: 13 | B28: กฟก.1 | C28: ก่อสร้างรั้ว และสิ่งก่อสร้างประกอบอื่น ๆ | D28: 16
A29: =A28+1 -> 14 | B29: กฟอ.บางปะอิน จ.พระนครศรีอยุธยา | C29: ก่อสร้างอาคารสำนักงาน และสิ่งก่อสร้างประกอบอื่น ๆ | D29: 58.7
A30: =A29+1 -> 15 | B30: กฟส.อ.บ้านนา จ.นครนายก | C30: ก่อสร้างอาคารสำนักงาน และสิ่งก่อสร้างประกอบอื่น ๆ | D30: 23.1
A31: =A30+1 -> 16 | B31: กฟส.อ.องครักษ์ จ.นครนายก | C31: ก่อสร้างอาคารสำนักงาน และสิ่งก่อสร้างประกอบอื่น ๆ | D31: 23.1
A32: กฟก.2
A33: 17 | B33: กฟฟ.เมืองพัทยา จ.ชลบุรี | C33: ก่อสร้างอาคารสำนักงาน และสิ่งก่อสร้างประกอบอื่น ๆ | D33: 61.3
A34: กฟก.3
A35: 18 | B35: กฟส.ต.บางน้ำจืด จ.สมุทรสาคร | C35: ก่อสร้างอาคารสำนักงาน และสิ่งก่อสร้างประกอบอื่น ๆ | D35: 40
A36: =A35+1 -> 19 | B36: กฟส.ต.ลาดหญ้า จ.กาญจนบุรี | C36: ก่อสร้างโรงเก็บมิเตอร์ และสิ่งก่อสร้างประกอบอื่น ๆ | D36: 10.2
A37: กฟต.1
A38: 20 | B38: กฟจ.ชุมพร | C38: ก่อสร้างโรงเก็บมิเตอร์ และสิ่งก่อสร้างประกอบอื่น ๆ | D38: 18
A39: =A38+1 -> 21 | B39: กฟอ.หลังสวน จ.ชุมพร | C39: ก่อสร้างโรงเก็บมิเตอร์ และสิ่งก่อสร้างประกอบอื่น ๆ | D39: 8.4
A40: =A39+1 -> 22 | B40: กฟส.อ.บางแพ จ.ราชบุรี | C40: ก่อสร้างโรงเก็บมิเตอร์ และสิ่งก่อสร้างประกอบอื่น ๆ | D40: 12
A41: กฟต.2
A42: 23 | B42: กฟส.อ.ไชยา จ.สุราษฎร์ธานี | C42: ก่อสร้างโรงเก็บมิเตอร์ และสิ่งก่อสร้างประกอบอื่น ๆ | D42: 9.6
A43: =A42+1 -> 24 | B43: กฟอ.เกาะสมุย จ.สุราษฎร์ธานี | C43: ก่อสร้างอาคารสำนักงาน และสิ่งก่อสร้างประกอบอื่น ๆ | D43: 60.6
A44: กฟต.3
A45: 25 | B45: กฟส.อ.หนองจิก จ.ปัตตานี | C45: ก่อสร้างอาคารสำนักงาน และสิ่งก่อสร้างประกอบอื่น ๆ | D45: 48.8
A46: =A45+1 -> 26 | B46: กฟอ.หาดใหญ่ จ.สงขลา | C46: ก่อสร้างรั้ว และสิ่งก่อสร้างประกอบอื่น ๆ | D46: 12
A47: ฝกร.
A48: 27 | B48: ผรค.เชียงใหม่ | C48: ปรับปรุงโรงผลิตคอน และสิ่งก่อสร้างประกอบอื่น ๆ | D48: 3
A49: =A48+1 -> 28 | B49: ผรค.มหาสารคาม | C49: ก่อสร้างโรงผลิตคอน และสิ่งก่อสร้างประกอบอื่น ๆ | D49: 10
A50: =A49+1 -> 29 | B50: ผรค.กาญจนบุรี | C50: ก่อสร้างหลังคาคลุมแท่นผลิตภัณฑ์คอนกรีต และสิ่งก่อสร้างประกอบอื่น ๆ | D50: 30.5
A51: =A50+1 -> 30 | B51: ผรค.นครศรีธรรมราช | C51: ก่อสร้างอาคารโรงผลิตคอน และสิ่งก่อสร้างประกอบอื่น ๆ | D51: 10
A52: =A51+1 -> 31 | B52: ผรค.พระนครศรีอยุธยา | C52: ก่อสร้างอาคารทดสอบวัสดุ และสิ่งก่อสร้างประกอบอื่น ๆ | D52: 19
A53: รวมเป็นเงินทั้งสิ้น | D53: =SUM(D8:D52) -> 793.3

Sheet เครื่องมือ(ส่วนกลาง) ปี 2568
A1: แผนงานสนับสนุนการดำเนินงานระยะที่ 6 ปี 2568-2570 (แผนงาน 3 ปี)
A2: รายละเอียดเครื่องมือเครื่องใช้ สำหรับหน่วยงานส่วนกลาง (จำนวน 13 กอง) ของปี 2568
A3: ที่ | B3: รายการ | C3: ราคา ต่อหน่วย (บาท) | D3: จำนวนเครื่องมือ-เครื่องใช้ | AF3: วงเงินงบประมาณ | BH3: สรุปวงเงินทั้งสิ้น
D4: กกฟ.1 | F4: กกฟ.2 | H4: กผภ. | J4: กกส. | L4: กทอ. | N4: กบร. | P4: กบม. | R4: กบส. | T4: กปค. | V4: กทข. | X4: กมต. | Z4: กฝช. | AB4: กทฟ. | AD4: รวม | AF4: กกฟ.1 | AH4: กกฟ.2 | AJ4: กผภ. | AL4: กกส. | AN4: กทอ. | AP4: กบร. | AR4: กบม. | AT4: กบส. | AV4: กปค. | AX4: กทข. | AZ4: กมต. | BB4: กฝช. | BD4: กทฟ. | BF4: รวม
D5: เพิ่มเติม | E5: ทดแทน | F5: เพิ่มเติม | G5: ทดแทน | H5: เพิ่มเติม | I5: ทดแทน | J5: เพิ่มเติม | K5: ทดแทน | L5: เพิ่มเติม | M5: ทดแทน | N5: เพิ่มเติม | O5: ทดแทน | P5: เพิ่มเติม | Q5: ทดแทน | R5: เพิ่มเติม | S5: ทดแทน | T5: เพิ่มเติม | U5: ทดแทน | V5: เพิ่มเติม | W5: ทดแทน | X5: เพิ่มเติม | Y5: ทดแทน | Z5: เพิ่มเติม | AA5: ทดแทน | AB5: เพิ่มเติม | AC5: ทดแทน | AD5: เพิ่มเติม | AE5: ทดแทน | AF5: เพิ่มเติม | AG5: ทดแทน | AH5: เพิ่มเติม | AI5: ทดแทน | AJ5: เพิ่มเติม | AK5: ทดแทน | AL5: เพิ่มเติม | AM5: ทดแทน | AN5: เพิ่มเติม | AO5: ทดแทน | AP5: เพิ่มเติม | AQ5: ทดแทน | AR5: เพิ่มเติม | AS5: ทดแทน | AT5: เพิ่มเติม | AU5: ทดแทน | AV5: เพิ่มเติม | AW5: ทดแทน | AX5: เพิ่มเติม | AY5: ทดแทน | AZ5: เพิ่มเติม | BA5: ทดแทน | BB5: เพิ่มเติม | BC5: ทดแทน | BD5: เพิ่มเติม | BE5: ทดแทน | BF5: เพิ่มเติม | BG5: ทดแทน
A6: 2 | B6: กลุ่มงานบำรุงรักษาสถานีไฟฟ้า
A7: -1 | B7: ชุดเครื่องมือสำหรับงานบำรุงรักษาระบบ SCPS (จำนวน 3 รายการ) | C7: 110000 | D7: 0 | E7: 0 | F7: 0 | G7: 0 | H7: 0 | I7: 0 | J7: 0 | K7: 0 | L7: 0 | M7: 0 | N7: 0 | O7: 0 | P7: 0 | Q7: 0 | R7: 0 | S7: 0 | T7: 0 | U7: 0 | V7: 0 | W7: 0 | X7: 0 | Y7: 0 | Z7: 0 | AA7: 0 | AB7: 0 | AC7: 0 | AD7: 0 | AE7: 0 | AF7: 0 | AG7: 0 | AH7: 0 | AI7: 0 | AJ7: 0 | AK7: 0 | AL7: 0 | AM7: 0 | AN7: 0 | AO7: 0 | AP7: 0 | AQ7: 0 | AR7: 0 | AS7: 0 | AT7: 0 | AU7: 0 | AV7: 0 | AW7: 0 | AX7: 0 | AY7: 0 | AZ7: 0 | BA7: 0 | BB7: 0 | BC7: 0 | BD7: 0 | BE7: 0 | BF7: 0 | BG7: 0 | BH7: 0
A8: -2 | B8: ชุดมิเตอร์วัดไฟสำหรับงานบำรุงรักษาสถานีไฟฟ้า (จำนวน 3 รายการ) | C8: 110000 | D8: 0 | E8: 0 | F8: 0 | G8: 0 | H8: 0 | I8: 0 | J8: 0 | K8: 0 | L8: 0 | M8: 0 | N8: 0 | O8: 0 | P8: 0 | Q8: 0 | R8: 0 | S8: 0 | T8: 3 | U8: 0 | V8: 0 | W8: 0 | X8: 0 | Y8: 0 | Z8: 0 | AA8: 0 | AB8: 0 | AC8: 0 | AD8: 3 | AE8: 0 | AF8: 0 | AG8: 0 | AH8: 0 | AI8: 0 | AJ8: 0 | AK8: 0 | AL8: 0 | AM8: 0 | AN8: 0 | AO8: 0 | AP8: 0 | AQ8: 0 | AR8: 0 | AS8: 0 | AT8: 0 | AU8: 0 | AV8: 330000 | AW8: 0 | AX8: 0 | AY8: 0 | AZ8: 0 | BA8: 0 | BB8: 0 | BC8: 0 | BD8: 0 | BE8: 0 | BF8: 330000 | BG8: 0 | BH8: 330000
A9: -3 | B9: ชุดเครื่องมือสำหรับงานตรวจสอบ Switchgear 22, 33 kV เบื้องต้น (จำนวน 8 รายการ) | C9: 140000 | D9: 0 | E9: 0 | F9: 0 | G9: 0 | H9: 0 | I9: 0 | J9: 0 | K9: 0 | L9: 0 | M9: 0 | N9: 0 | O9: 0 | P9: 0 | Q9: 0 | R9: 0 | S9: 0 | T9: 0 | U9: 0 | V9: 0 | W9: 0 | X9: 0 | Y9: 0 | Z9: 0 | AA9: 0 | AB9: 0 | AC9: 0 | AD9: 0 | AE9: 0 | AF9: 0 | AG9: 0 | AH9: 0 | AI9: 0 | AJ9: 0 | AK9: 0 | AL9: 0 | AM9: 0 | AN9: 0 | AO9: 0 | AP9: 0 | AQ9: 0 | AR9: 0 | AS9: 0 | AT9: 0 | AU9: 0 | AV9: 0 | AW9: 0 | AX9: 0 | AY9: 0 | AZ9: 0 | BA9: 0 | BB9: 0 | BC9: 0 | BD9: 0 | BE9: 0 | BF9: 0 | BG9: 0 | BH9: 0
A10: -4 | B10: ชุดเครื่องมือสำหรับงานทดสอบ Circuit Breaker (จำนวน 6 รายการ) | C10: 1600000 | D10: 0 | E10: 0 | F10: 0 | G10: 0 | H10: 0 | I10: 0 | J10: 0 | K10: 0 | L10: 0 | M10: 0 | N10: 0 | O10: 0 | P10: 0 | Q10: 0 | R10: 0 | S10: 0 | T10: 0 | U10: 0 | V10: 0 | W10: 0 | X10: 0 | Y10: 0 | Z10: 0 | AA10: 0 | AB10: 0 | AC10: 0 | AD10: 0 | AE10: 0 | AF10: 0 | AG10: 0 | AH10: 0 | AI10: 0 | AJ10: 0 | AK10: 0 | AL10: 0 | AM10: 0 | AN10: 0 | AO10: 0 | AP10: 0 | AQ10: 0 | AR10: 0 | AS10: 0 | AT10: 0 | AU10: 0 | AV10: 0 | AW10: 0 | AX10: 0 | AY10: 0 | AZ10: 0 | BA10: 0 | BB10: 0 | BC10: 0 | BD10: 0 | BE10: 0 | BF10: 0 | BG10: 0 | BH10: 0
A11: -5 | B11: ชุดเครื่องมือสำหรับงานบำรุงรักษาระบบ CSCS (จำนวน 8 รายการ) | C11: 2100000 | D11: 0 | E11: 0 | F11: 0 | G11: 0 | H11: 0 | I11: 0 | J11: 0 | K11: 0 | L11: 0 | M11: 0 | N11: 0 | O11: 0 | P11: 0 | Q11: 0 | R11: 0 | S11: 0 | T11: 0 | U11: 0 | V11: 0 | W11: 0 | X11: 0 | Y11: 0 | Z11: 0 | AA11: 0 | AB11: 0 | AC11: 0 | AD11: 0 | AE11: 0 | AF11: 0 | AG11: 0 | AH11: 0 | AI11: 0 | AJ11: 0 | AK11: 0 | AL11: 0 | AM11: 0 | AN11: 0 | AO11: 0 | AP11: 0 | AQ11: 0 | AR11: 0 | AS11: 0 | AT11: 0 | AU11: 0 | AV11: 0 | AW11: 0 | AX11: 0 | AY11: 0 | AZ11: 0 | BA11: 0 | BB11: 0 | BC11: 0 | BD11: 0 | BE11: 0 | BF11: 0 | BG11: 0 | BH11: 0
A12: -6 | B12: Multifunction Installation Tester | C12: 110000 | D12: 0 | E12: 0 | F12: 0 | G12: 0 | H12: 0 | I12: 0 | J12: 0 | K12: 0 | L12: 0 | M12: 0 | N12: 0 | O12: 0 | P12: 0 | Q12: 0 | R12: 0 | S12: 0 | T12: 0 | U12: 0 | V12: 0 | W12: 0 | X12: 0 | Y12: 0 | Z12: 0 | AA12: 0 | AB12: 0 | AC12: 0 | AD12: 0 | AE12: 0 | AF12: 0 | AG12: 0 | AH12: 0 | AI12: 0 | AJ12: 0 | AK12: 0 | AL12: 0 | AM12: 0 | AN12: 0 | AO12: 0 | AP12: 0 | AQ12: 0 | AR12: 0 | AS12: 0 | AT12: 0 | AU12: 0 | AV12: 0 | AW12: 0 | AX12: 0 | AY12: 0 | AZ12: 0 | BA12: 0 | BB12: 0 | BC12: 0 | BD12: 0 | BE12: 0 | BF12: 0 | BG12: 0 | BH12: 0
A13: -7 | B13: เครื่องมือวัดความถ่วงจำเพาะของแบตเตอรี่ แบบดิจิทัล | C13: 135000 | D13: 0 | E13: 0 | F13: 0 | G13: 0 | H13: 0 | I13: 0 | J13: 0 | K13: 0 | L13: 0 | M13: 0 | N13: 0 | O13: 0 | P13: 0 | Q13: 0 | R13: 0 | S13: 0 | T13: 0 | U13: 0 | V13: 0 | W13: 0 | X13: 0 | Y13: 0 | Z13: 0 | AA13: 0 | AB13: 0 | AC13: 0 | AD13: 0 | AE13: 0 | AF13: 0 | AG13: 0 | AH13: 0 | AI13: 0 | AJ13: 0 | AK13: 0 | AL13: 0 | AM13: 0 | AN13: 0 | AO13: 0 | AP13: 0 | AQ13: 0 | AR13: 0 | AS13: 0 | AT13: 0 | AU13: 0 | AV13: 0 | AW13: 0 | AX13: 0 | AY13: 0 | AZ13: 0 | BA13: 0 | BB13: 0 | BC13: 0 | BD13: 0 | BE13: 0 | BF13: 0 | BG13: 0 | BH13: 0
A14: -8 | B14: เครื่องมือช่างสำหรับงานบำรุงรักษาระบบควบคุมในสถานีไฟฟ้า | C14: 165000 | D14: 0 | E14: 0 | F14: 0 | G14: 0 | H14: 0 | I14: 0 | J14: 0 | K14: 0 | L14: 0 | M14: 0 | N14: 0 | O14: 0 | P14: 0 | Q14: 0 | R14: 0 | S14: 0 | T14: 0 | U14: 0 | V14: 1 | W14: 0 | X14: 0 | Y14: 0 | Z14: 0 | AA14: 0 | AB14: 0 | AC14: 0 | AD14: 1 | AE14: 0 | AF14: 0 | AG14: 0 | AH14: 0 | AI14: 0 | AJ14: 0 | AK14: 0 | AL14: 0 | AM14: 0 | AN14: 0 | AO14: 0 | AP14: 0 | AQ14: 0 | AR14: 0 | AS14: 0 | AT14: 0 | AU14: 0 | AV14: 0 | AW14: 0 | AX14: 165000 | AY14: 0 | AZ14: 0 | BA14: 0 | BB14: 0 | BC14: 0 | BD14: 0 | BE14: 0 | BF14: 165000 | BG14: 0 | BH14: 165000
A15: -9 | B15: กล้องถ่ายภาพความร้อน ความละเอียด 160x120 Pixels (Thermal Imaging Camera) | C15: 165000 | D15: 0 | E15: 0 | F15: 0 | G15: 0 | H15: 0 | I15: 0 | J15: 0 | K15: 0 | L15: 0 | M15: 0 | N15: 0 | O15: 0 | P15: 0 | Q15: 0 | R15: 0 | S15: 0 | T15: 0 | U15: 0 | V15: 1 | W15: 0 | X15: 0 | Y15: 0 | Z15: 0 | AA15: 0 | AB15: 0 | AC15: 0 | AD15: 1 | AE15: 0 | AF15: 0 | AG15: 0 | AH15: 0 | AI15: 0 | AJ15: 0 | AK15: 0 | AL15: 0 | AM15: 0 | AN15: 0 | AO15: 0 | AP15: 0 | AQ15: 0 | AR15: 0 | AS15: 0 | AT15: 0 | AU15: 0 | AV15: 0 | AW15: 0 | AX15: 165000 | AY15: 0 | AZ15: 0 | BA15: 0 | BB15: 0 | BC15: 0 | BD15: 0 | BE15: 0 | BF15: 165000 | BG15: 0 | BH15: 165000
A16: -10 | B16: เครื่องวัดกระแสไฟฟ้ารั่วไหล (Leakage Current) | C16: 170000 | D16: 0 | E16: 0 | F16: 0 | G16: 0 | H16: 0 | I16: 0 | J16: 0 | K16: 0 | L16: 0 | M16: 0 | N16: 0 | O16: 0 | P16: 0 | Q16: 0 | R16: 0 | S16: 0 | T16: 0 | U16: 0 | V16: 0 | W16: 0 | X16: 0 | Y16: 0 | Z16: 0 | AA16: 0 | AB16: 0 | AC16: 0 | AD16: 0 | AE16: 0 | AF16: 0 | AG16: 0 | AH16: 0 | AI16: 0 | AJ16: 0 | AK16: 0 | AL16: 0 | AM16: 0 | AN16: 0 | AO16: 0 | AP16: 0 | AQ16: 0 | AR16: 0 | AS16: 0 | AT16: 0 | AU16: 0 | AV16: 0 | AW16: 0 | AX16: 0 | AY16: 0 | AZ16: 0 | BA16: 0 | BB16: 0 | BC16: 0 | BD16: 0 | BE16: 0 | BF16: 0 | BG16: 0 | BH16: 0
A17: -11 | B17: เครื่องวัดความต้านทานฉนวน ขนาด 5 kV DC (Insulation Resistance Tester) | C17: 190000 | D17: 0 | E17: 0 | F17: 0 | G17: 0 | H17: 0 | I17: 0 | J17: 0 | K17: 0 | L17: 0 | M17: 0 | N17: 0 | O17: 0 | P17: 0 | Q17: 0 | R17: 0 | S17: 0 | T17: 0 | U17: 0 | V17: 0 | W17: 0 | X17: 0 | Y17: 0 | Z17: 0 | AA17: 0 | AB17: 0 | AC17: 0 | AD17: 0 | AE17: 0 | AF17: 0 | AG17: 0 | AH17: 0 | AI17: 0 | AJ17: 0 | AK17: 0 | AL17: 0 | AM17: 0 | AN17: 0 | AO17: 0 | AP17: 0 | AQ17: 0 | AR17: 0 | AS17: 0 | AT17: 0 | AU17: 0 | AV17: 0 | AW17: 0 | AX17: 0 | AY17: 0 | AZ17: 0 | BA17: 0 | BB17: 0 | BC17: 0 | BD17: 0 | BE17: 0 | BF17: 0 | BG17: 0 | BH17: 0
A18: -12 | B18: Digital Power Meter 1, 3 Phase | C18: 200000 | D18: 0 | E18: 0 | F18: 0 | G18: 0 | H18: 0 | I18: 0 | J18: 0 | K18: 0 | L18: 0 | M18: 0 | N18: 0 | O18: 0 | P18: 0 | Q18: 0 | R18: 0 | S18: 0 | T18: 0 | U18: 0 | V18: 1 | W18: 0 | X18: 0 | Y18: 0 | Z18: 0 | AA18: 0 | AB18: 0 | AC18: 0 | AD18: 1 | AE18: 0 | AF18: 0 | AG18: 0 | AH18: 0 | AI18: 0 | AJ18: 0 | AK18: 0 | AL18: 0 | AM18: 0 | AN18: 0 | AO18: 0 | AP18: 0 | AQ18: 0 | AR18: 0 | AS18: 0 | AT18: 0 | AU18: 0 | AV18: 0 | AW18: 0 | AX18: 200000 | AY18: 0 | AZ18: 0 | BA18: 0 | BB18: 0 | BC18: 0 | BD18: 0 | BE18: 0 | BF18: 200000 | BG18: 0 | BH18: 200000
... A50: -44 | B50: Transformer Analyzer | C50: 4500000 | D50: 0 | E50: 0 | F50: 0 | G50: 0 | H50: 0 | I50: 0 | J50: 0 | K50: 0 | L50: 0 | M50: 0 | N50: 0 | O50: 0 | P50: 1 | Q50: 0 | R50: 0 | S50: 0 | T50: 0 | U50: 0 | V50: 0 | W50: 0 | X50: 0 | Y50: 0 | Z50: 0 | AA50: 0 | AB50: 0 | AC50: 0 | AD50: 1 | AE50: 0 | AF50: 0 | AG50: 0 | AH50: 0 | AI50: 0 | AJ50: 0 | AK50: 0 | AL50: 0 | AM50: 0 | AN50: 0 | AO50: 0 | AP50: 0 | AQ50: 0 | AR50: 4500000 | AS50: 0 | AT50: 0 | AU50: 0 | AV50: 0 | AW50: 0 | AX50: 0 | AY50: 0 | AZ50: 0 | BA50: 0 | BB50: 0 | BC50: 0 | BD50: 0 | BE50: 0 | BF50: 4500000 | BG50: 0 | BH50: 4500000
B51: รวมกลุ่มที่ 2 กลุ่มงานบำรุงรักษาสถานีไฟฟ้า [จำนวน 44 รายการ] | D51: 0 | E51: 0 | F51: 0 | G51: 0 | H51: 0 | I51: 0 | J51: 0 | K51: 0 | L51: 0 | M51: 0 | N51: 0 | O51: 0 | P51: 3 | Q51: 2 | R51: 0 | S51: 0 | T51: 9 | U51: 3 | V51: 9 | W51: 0 | X51: 0 | Y51: 0 | Z51: 0 | AA51: 0 | AB51: 0 | AC51: 0 | AD51: 21 | AE51: 5 | AF51: 0 | AG51: 0 | AH51: 0 | AI51: 0 | AJ51: 0 | AK51: 0 | AL51: 0 | AM51: 0 | AN51: 0 | AO51: 0 | AP51: 0 | AQ51: 0 | AR51: 4980000 | AS51: 760000 | AT51: 0 | AU51: 0 | AV51: 4450000 | AW51: 6750000 | AX51: 2125000 | AY51: 0 | AZ51: 0 | BA51: 0 | BB51: 0 | BC51: 0 | BD51: 0 | BE51: 0 | BF51: 11555000 | BG51: 7510000 | BH51: 19065000
A52: 3 | B52: กลุ่มงานบำรุงรักษาระบบไฟฟ้า
A53: -1 | B53: ชุดเครื่องมือสำหรับงานตรวจสอบระบบไฟฟ้า (Patrol) [สำหรับ กฟฟ.จุดรวมงาน และ กฟฟ.สาขา] (จำนวน 4 รายการ) | C53: 110000 | D53: 0 | E53: 0 | F53: 0 | G53: 0 | H53: 0 | I53: 0 | J53: 0 | K53: 0 | L53: 0 | M53: 0 | N53: 0 | O53: 0 | P53: 0 | Q53: 0 | R53: 0 | S53: 0 | T53: 0 | U53: 0 | V53: 0 | W53: 0 | X53: 0 | Y53: 0 | Z53: 0 | AA53: 0 | AB53: 0 | AC53: 0 | AD53: 0 | AE53: 0 | AF53: 0 | AG53: 0 | AH53: 0 | AI53: 0 | AJ53: 0 | AK53: 0 | AL53: 0 | AM53: 0 | AN53: 0 | AO53: 0 | AP53: 0 | AQ53: 0 | AR53: 0 | AS53: 0 | AT53: 0 | AU53: 0 | AV53: 0 | AW53: 0 | AX53: 0 | AY53: 0 | AZ53: 0 | BA53: 0 | BB53: 0 | BC53: 0 | BD53: 0 | BE53: 0 | BF53: 0 | BG53: 0 | BH53: 0
A54: -2 | B54: ชุดเครื่องมือสำหรับงานเชื่อมและซ่อมแซมก๊าซรั่วของ RCS [สำหรับโรงซ่อม] (จำนวน 8 รายการ) | C54: 340000 | D54: 0 | E54: 0 | F54: 0 | G54: 0 | H54: 0 | I54: 0 | J54: 0 | K54: 0 | L54: 0 | M54: 0 | N54: 0 | O54: 0 | P54: 0 | Q54: 0 | R54: 0 | S54: 0 | T54: 0 | U54: 0 | V54: 0 | W54: 0 | X54: 0 | Y54: 0 | Z54: 0 | AA54: 0 | AB54: 0 | AC54: 0 | AD54: 0 | AE54: 0 | AF54: 0 | AG54: 0 | AH54: 0 | AI54: 0 | AJ54: 0 | AK54: 0 | AL54: 0 | AM54: 0 | AN54: 0 | AO54: 0 | AP54: 0 | AQ54: 0 | AR54: 0 | AS54: 0 | AT54: 0 | AU54: 0 | AV54: 0 | AW54: 0 | AX54: 0 | AY54: 0 | AZ54: 0 | BA54: 0 | BB54: 0 | BC54: 0 | BD54: 0 | BE54: 0 | BF54: 0 | BG54: 0 | BH54: 0
A55: -3 | B55: ชุดเครื่องมือสำหรับงานบำรุงรักษาอุปกรณ์ Field Device ของ FRTU (จำนวน 9 รายการ) | C55: 450000 | D55: 0 | E55: 0 | F55: 0 | G55: 0 | H55: 0 | I55: 0 | J55: 0 | K55: 0 | L55: 0 | M55: 0 | N55: 0 | O55: 0 | P55: 0 | Q55: 0 | R55: 0 | S55: 0 | T55: 0 | U55: 0 | V55: 0 | W55: 0 | X55: 0 | Y55: 0 | Z55: 0 | AA55: 0 | AB55: 0 | AC55: 0 | AD55: 0 | AE55: 0 | AF55: 0 | AG55: 0 | AH55: 0 | AI55: 0 | AJ55: 0 | AK55: 0 | AL55: 0 | AM55: 0 | AN55: 0 | AO55: 0 | AP55: 0 | AQ55: 0 | AR55: 0 | AS55: 0 | AT55: 0 | AU55: 0 | AV55: 0 | AW55: 0 | AX55: 0 | AY55: 0 | AZ55: 0 | BA55: 0 | BB55: 0 | BC55: 0 | BD55: 0 | BE55: 0 | BF55: 0 | BG55: 0 | BH55: 0
A56: -4 | B56: ชุดเครื่องมือสำหรับงานบำรุงรักษาเคเบิลใต้ดิน 115 kV (จำนวน 19 รายการ) | C56: 1125000 | D56: 0 | E56: 0 | F56: 0 | G56: 0 | H56: 0 | I56: 0 | J56: 0 | K56: 0 | L56: 0 | M56: 0 | N56: 0 | O56: 0 | P56: 0 | Q56: 0 | R56: 0 | S56: 0 | T56: 0 | U56: 0 | V56: 0 | W56: 0 | X56: 0 | Y56: 0 | Z56: 0 | AA56: 0 | AB56: 0 | AC56: 0 | AD56: 0 | AE56: 0 | AF56: 0 | AG56: 0 | AH56: 0 | AI56: 0 | AJ56: 0 | AK56: 0 | AL56: 0 | AM56: 0 | AN56: 0 | AO56: 0 | AP56: 0 | AQ56: 0 | AR56: 0 | AS56: 0 | AT56: 0 | AU56: 0 | AV56: 0 | AW56: 0 | AX56: 0 | AY56: 0 | AZ56: 0 | BA56: 0 | BB56: 0 | BC56: 0 | BD56: 0 | BE56: 0 | BF56: 0 | BG56: 0 | BH56: 0
A57: -5 | B57: ชุดเครื่องมือสำหรับงานก่อสร้างเคเบิลใต้ดิน 115 kV [งานไฟฟ้า] (จำนวน 34 รายการ) | C57: 3600000 | D57: 0 | E57: 0 | F57: 0 | G57: 0 | H57: 0 | I57: 0 | J57: 0 | K57: 0 | L57: 0 | M57: 0 | N57: 0 | O57: 0 | P57: 0 | Q57: 0 | R57: 0 | S57: 0 | T57: 0 | U57: 0 | V57: 0 | W57: 0 | X57: 0 | Y57: 0 | Z57: 0 | AA57: 0 | AB57: 0 | AC57: 0 | AD57: 0 | AE57: 0 | AF57: 0 | AG57: 0 | AH57: 0 | AI57: 0 | AJ57: 0 | AK57: 0 | AL57: 0 | AM57: 0 | AN57: 0 | AO57: 0 | AP57: 0 | AQ57: 0 | AR57: 0 | AS57: 0 | AT57: 0 | AU57: 0 | AV57: 0 | AW57: 0 | AX57: 0 | AY57: 0 | AZ57: 0 | BA57: 0 | BB57: 0 | BC57: 0 | BD57: 0 | BE57: 0 | BF57: 0 | BG57: 0 | BH57: 0
A58: -6 | B58: Simmulator Box Test | C58: 120000 | D58: 0 | E58: 0 | F58: 0 | G58: 0 | H58: 0 | I58: 0 | J58: 0 | K58: 0 | L58: 0 | M58: 0 | N58: 0 | O58: 0 | P58: 0 | Q58: 0 | R58: 0 | S58: 0 | T58: 0 | U58: 0 | V58: 0 | W58: 0 | X58: 0 | Y58: 0 | Z58: 0 | AA58: 0 | AB58: 0 | AC58: 0 | AD58: 0 | AE58: 0 | AF58: 0 | AG58: 0 | AH58: 0 | AI58: 0 | AJ58: 0 | AK58: 0 | AL58: 0 | AM58: 0 | AN58: 0 | AO58: 0 | AP58: 0 | AQ58: 0 | AR58: 0 | AS58: 0 | AT58: 0 | AU58: 0 | AV58: 0 | AW58: 0 | AX58: 0 | AY58: 0 | AZ58: 0 | BA58: 0 | BB58: 0 | BC58: 0 | BD58: 0 | BE58: 0 | BF58: 0 | BG58: 0 | BH58: 0
A59: -7 | B59: เครื่องกำเนิดไฟฟ้า ชนิดดีเซล 1 Phase 10 kW | C59: 150000 | D59: 0 | E59: 0 | F59: 0 | G59: 0 | H59: 0 | I59: 0 | J59: 0 | K59: 0 | L59: 0 | M59: 0 | N59: 0 | O59: 0 | P59: 0 | Q59: 0 | R59: 0 | S59: 0 | T59: 0 | U59: 0 | V59: 0 | W59: 0 | X59: 0 | Y59: 0 | Z59: 0 | AA59: 0 | AB59: 0 | AC59: 0 | AD59: 0 | AE59: 0 | AF59: 0 | AG59: 0 | AH59: 0 | AI59: 0 | AJ59: 0 | AK59: 0 | AL59: 0 | AM59: 0 | AN59: 0 | AO59: 0 | AP59: 0 | AQ59: 0 | AR59: 0 | AS59: 0 | AT59: 0 | AU59: 0 | AV59: 0 | AW59: 0 | AX59: 0 | AY59: 0 | AZ59: 0 | BA59: 0 | BB59: 0 | BC59: 0 | BD59: 0 | BE59: 0 | BF59: 0 | BG59: 0 | BH59: 0
A60: -8 | B60: เครื่องทดสอบแบตแตอรี่ (Battery Analyzer) | C60: 210000 | D60: 0 | E60: 0 | F60: 0 | G60: 0 | H60: 0 | I60: 0 | J60: 0 | K60: 0 | L60: 0 | M60: 0 | N60: 1 | O60: 0 | P60: 0 | Q60: 0 | R60: 0 | S60: 0 | T60: 0 | U60: 0 | V60: 0 | W60: 0 | X60: 0 | Y60: 0 | Z60: 0 | AA60: 0 | AB60: 0 | AC60: 0 | AD60: 1 | AE60: 0 | AF60: 0 | AG60: 0 | AH60: 0 | AI60: 0 | AJ60: 0 | AK60: 0 | AL60: 0 | AM60: 0 | AN60: 0 | AO60: 0 | AP60: 210000 | AQ60: 0 | AR60: 0 | AS60: 0 | AT60: 0 | AU60: 0 | AV60: 0 | AW60: 0 | AX60: 0 | AY60: 0 | AZ60: 0 | BA60: 0 | BB60: 0 | BC60: 0 | BD60: 0 | BE60: 0 | BF60: 210000 | BG60: 0 | BH60: 210000
A61: -9 | B61: เครื่องวัดความต้านทานหน้าสัมผัส ขนาด 10 A แบบพกพา (Micro-Ohm Meter) | C61: 225000 | D61: 0 | E61: 0 | F61: 0 | G61: 0 | H61: 0 | I61: 0 | J61: 0 | K61: 0 | L61: 0 | M61: 0 | N61: 0 | O61: 0 | P61: 0 | Q61: 0 | R61: 0 | S61: 0 | T61: 0 | U61: 0 | V61: 0 | W61: 0 | X61: 0 | Y61: 0 | Z61: 0 | AA61: 0 | AB61: 0 | AC61: 0 | AD61: 0 | AE61: 0 | AF61: 0 | AG61: 0 | AH61: 0 | AI61: 0 | AJ61: 0 | AK61: 0 | AL61: 0 | AM61: 0 | AN61: 0 | AO61: 0 | AP61: 0 | AQ61: 0 | AR61: 0 | AS61: 0 | AT61: 0 | AU61: 0 | AV61: 0 | AW61: 0 | AX61: 0 | AY61: 0 | AZ61: 0 | BA61: 0 | BB61: 0 | BC61: 0 | BD61: 0 | BE61: 0 | BF61: 0 | BG61: 0 | BH61: 0
A62: -10 | B62: อากาศยานไร้คนขับติดกล้อง/กล้องถ่ายภาพความร้อนขนาดเล็ก (Drone with Thermal Imaging Camera Type I) | C62: 250000 | D62: 0 | E62: 0 | F62: 0 | G62: 0 | H62: 0 | I62: 0 | J62: 0 | K62: 0 | L62: 0 | M62: 0 | N62: 0 | O62: 0 | P62: 0 | Q62: 0 | R62: 0 | S62: 0 | T62: 0 | U62: 0 | V62: 0 | W62: 0 | X62: 0 | Y62: 0 | Z62: 0 | AA62: 0 | AB62: 0 | AC62: 0 | AD62: 0 | AE62: 0 | AF62: 0 | AG62: 0 | AH62: 0 | AI62: 0 | AJ62: 0 | AK62: 0 | AL62: 0 | AM62: 0 | AN62: 0 | AO62: 0 | AP62: 0 | AQ62: 0 | AR62: 0 | AS62: 0 | AT62: 0 | AU62: 0 | AV62: 0 | AW62: 0 | AX62: 0 | AY62: 0 | AZ62: 0 | BA62: 0 | BB62: 0 | BC62: 0 | BD62: 0 | BE62: 0 | BF62: 0 | BG62: 0 | BH62: 0
A63: -11 | B63: เครื่องอบสายเคเบิล 115 kV 3 Phase ชนิด Silicone ความยาวไม่น้อยกว่า 2 เมตร พร้อม Thermostat | C63: 280000 | D63: 0 | E63: 0 | F63: 0 | G63: 0 | H63: 0 | I63: 0 | J63: 0 | K63: 0 | L63: 0 | M63: 0 | N63: 0 | O63: 0 | P63: 0 | Q63: 0 | R63: 0 | S63: 0 | T63: 0 | U63: 0 | V63: 0 | W63: 0 | X63: 0 | Y63: 0 | Z63: 0 | AA63: 0 | AB63: 0 | AC63: 0 | AD63: 0 | AE63: 0 | AF63: 0 | AG63: 0 | AH63: 0 | AI63: 0 | AJ63: 0 | AK63: 0 | AL63: 0 | AM63: 0 | AN63: 0 | AO63: 0 | AP63: 0 | AQ63: 0 | AR63: 0 | AS63: 0 | AT63: 0 | AU63: 0 | AV63: 0 | AW63: 0 | AX63: 0 | AY63: 0 | AZ63: 0 | BA63: 0 | BB63: 0 | BC63: 0 | BD63: 0 | BE63: 0 | BF63: 0 | BG63: 0 | BH63: 0
A64: -12 | B64: เครื่องวัดความต้านทานฉนวน ขนาด 15 kV DC (Insulation Resistance Tester) | C64: 300000 | D64: 0 | E64: 0 | F64: 0 | G64: 0 | H64: 0 | I64: 0 | J64: 0 | K64: 0 | L64: 0 | M64: 0 | N64: 0 | O64: 0 | P64: 0 | Q64: 0 | R64: 0 | S64: 0 | T64: 0 | U64: 0 | V64: 0 | W64: 0 | X64: 0 | Y64: 0 | Z64: 0 | AA64: 0 | AB64: 0 | AC64: 0 | AD64: 0 | AE64: 0 | AF64: 0 | AG64: 0 | AH64: 0 | AI64: 0 | AJ64: 0 | AK64: 0 | AL64: 0 | AM64: 0 | AN64: 0 | AO64: 0 | AP64: 0 | AQ64: 0 | AR64: 0 | AS64: 0 | AT64: 0 | AU64: 0 | AV64: 0 | AW64: 0 | AX64: 0 | AY64: 0 | AZ64: 0 | BA64: 0 | BB64: 0 | BC64: 0 | BD64: 0 | BE64: 0 | BF64: 0 | BG64: 0 | BH64: 0
... A90: -38 | B90: OWTS 60 kV with Test Van | C90: 11000000 | D90: 0 | E90: 0 | F90: 0 | G90: 0 | H90: 0 | I90: 0 | J90: 0 | K90: 0 | L90: 0 | M90: 0 | N90: 0 | O90: 0 | P90: 0 | Q90: 0 | R90: 0 | S90: 0 | T90: 0 | U90: 0 | V90: 0 | W90: 0 | X90: 0 | Y90: 0 | Z90: 0 | AA90: 0 | AB90: 0 | AC90: 0 | AD90: 0 | AE90: 0 | AF90: 0 | AG90: 0 | AH90: 0 | AI90: 0 | AJ90: 0 | AK90: 0 | AL90: 0 | AM90: 0 | AN90: 0 | AO90: 0 | AP90: 0 | AQ90: 0 | AR90: 0 | AS90: 0 | AT90: 0 | AU90: 0 | AV90: 0 | AW90: 0 | AX90: 0 | AY90: 0 | AZ90: 0 | BA90: 0 | BB90: 0 | BC90: 0 | BD90: 0 | BE90: 0 | BF90: 0 | BG90: 0 | BH90: 0
B91: รวมกลุ่มที่ 3 กลุ่มงานบำรุงรักษาระบบไฟฟ้า [จำนวน 38 รายการ] | D91: 0 | E91: 0 | F91: 0 | G91: 0 | H91: 0 | I91: 0 | J91: 0 | K91: 0 | L91: 0 | M91: 0 | N91: 3 | O91: 2 | P91: 0 | Q91: 0 | R91: 0 | S91: 0 | T91: 0 | U91: 0 | V91: 0 | W91: 0 | X91: 0 | Y91: 0 | Z91: 0 | AA91: 0 | AB91: 0 | AC91: 0 | AD91: 3 | AE91: 2 | AF91: 0 | AG91: 0 | AH91: 0 | AI91: 0 | AJ91: 0 | AK91: 0 | AL91: 0 | AM91: 0 | AN91: 0 | AO91: 0 | AP91: 2110000 | AQ91: 920000 | AR91: 0 | AS91: 0 | AT91: 0 | AU91: 0 | AV91: 0 | AW91: 0 | AX91: 0 | AY91: 0 | AZ91: 0 | BA91: 0 | BB91: 0 | BC91: 0 | BD91: 0 | BE91: 0 | BF91: 2110000 | BG91: 920000 | BH91: 3030000
A92: 4 | B92: กลุ่มงานก่อสร้างและทดสอบในสถานีไฟฟ้าและระบบไฟฟ้า
A93: -1 | B93: ชุดเครื่องมือสำหรับงานเดินสายในสถานีไฟฟ้า (จำนวน 2 รายการ) | C93: 120000 | D93: 0 | E93: 0 | F93: 0 | G93: 0 | H93: 0 | I93: 0 | J93: 0 | K93: 0 | L93: 0 | M93: 0 | N93: 0 | O93: 0 | P93: 0 | Q93: 0 | R93: 0 | S93: 0 | T93: 0 | U93: 0 | V93: 0 | W93: 0 | X93: 0 | Y93: 0 | Z93: 0 | AA93: 0 | AB93: 0 | AC93: 0 | AD93: 0 | AE93: 0 | AF93: 0 | AG93: 0 | AH93: 0 | AI93: 0 | AJ93: 0 | AK93: 0 | AL93: 0 | AM93: 0 | AN93: 0 | AO93: 0 | AP93: 0 | AQ93: 0 | AR93: 0 | AS93: 0 | AT93: 0 | AU93: 0 | AV93: 0 | AW93: 0 | AX93: 0 | AY93: 0 | AZ93: 0 | BA93: 0 | BB93: 0 | BC93: 0 | BD93: 0 | BE93: 0 | BF93: 0 | BG93: 0 | BH93: 0
A94: -2 | B94: ชุดเครื่องมือวัดสำหรับงานติดตั้งหม้อแปลงไฟฟ้ากำลัง (จำนวน 3 รายการ) | C94: 130000 | D94: 0 | E94: 0 | F94: 0 | G94: 0 | H94: 0 | I94: 0 | J94: 0 | K94: 0 | L94: 0 | M94: 0 | N94: 0 | O94: 0 | P94: 0 | Q94: 0 | R94: 0 | S94: 0 | T94: 0 | U94: 0 | V94: 0 | W94: 0 | X94: 0 | Y94: 0 | Z94: 0 | AA94: 0 | AB94: 0 | AC94: 0 | AD94: 0 | AE94: 0 | AF94: 0 | AG94: 0 | AH94: 0 | AI94: 0 | AJ94: 0 | AK94: 0 | AL94: 0 | AM94: 0 | AN94: 0 | AO94: 0 | AP94: 0 | AQ94: 0 | AR94: 0 | AS94: 0 | AT94: 0 | AU94: 0 | AV94: 0 | AW94: 0 | AX94: 0 | AY94: 0 | AZ94: 0 | BA94: 0 | BB94: 0 | BC94: 0 | BD94: 0 | BE94: 0 | BF94: 0 | BG94: 0 | BH94: 0
A95: -3 | B95: ชุดเครื่องมือสำหรับงานติดตั้งหม้อแปลงไฟฟ้ากำลัง (จำนวน 6 รายการ) | C95: 200000 | D95: 0 | E95: 0 | F95: 0 | G95: 0 | H95: 0 | I95: 0 | J95: 2 | K95: 0 | L95: 0 | M95: 0 | N95: 0 | O95: 0 | P95: 0 | Q95: 0 | R95: 0 | S95: 0 | T95: 0 | U95: 0 | V95: 0 | W95: 0 | X95: 0 | Y95: 0 | Z95: 0 | AA95: 0 | AB95: 0 | AC95: 0 | AD95: 2 | AE95: 0 | AF95: 0 | AG95: 0 | AH95: 0 | AI95: 0 | AJ95: 0 | AK95: 0 | AL95: 400000 | AM95: 0 | AN95: 0 | AO95: 0 | AP95: 0 | AQ95: 0 | AR95: 0 | AS95: 0 | AT95: 0 | AU95: 0 | AV95: 0 | AW95: 0 | AX95: 0 | AY95: 0 | AZ95: 0 | BA95: 0 | BB95: 0 | BC95: 0 | BD95: 0 | BE95: 0 | BF95: 400000 | BG95: 0 | BH95: 400000
A96: -4 | B96: ชุดเครื่องมือสำหรับงานก่อสร้างสายส่ง 115 kV แบบเหล็กฐานหล่อเสา (จำนวน 2 รายการ) | C96: 250000 | D96: 0 | E96: 0 | F96: 0 | G96: 0 | H96: 0 | I96: 0 | J96: 0 | K96: 0 | L96: 0 | M96: 0 | N96: 0 | O96: 0 | P96: 0 | Q96: 0 | R96: 0 | S96: 0 | T96: 0 | U96: 0 | V96: 0 | W96: 0 | X96: 0 | Y96: 0 | Z96: 0 | AA96: 0 | AB96: 0 | AC96: 0 | AD96: 0 | AE96: 0 | AF96: 0 | AG96: 0 | AH96: 0 | AI96: 0 | AJ96: 0 | AK96: 0 | AL96: 0 | AM96: 0 | AN96: 0 | AO96: 0 | AP96: 0 | AQ96: 0 | AR96: 0 | AS96: 0 | AT96: 0 | AU96: 0 | AV96: 0 | AW96: 0 | AX96: 0 | AY96: 0 | AZ96: 0 | BA96: 0 | BB96: 0 | BC96: 0 | BD96: 0 | BE96: 0 | BF96: 0 | BG96: 0 | BH96: 0
A97: -5 | B97: ชุดเครื่องมือสำหรับงานติดตั้งอุปกรณ์ในสถานีไฟฟ้า (จำนวน 4 รายการ) | C97: 250000 | D97: 12 | E97: 0 | F97: 0 | G97: 0 | H97: 0 | I97: 0 | J97: 0 | K97: 0 | L97: 0 | M97: 0 | N97: 0 | O97: 0 | P97: 0 | Q97: 0 | R97: 0 | S97: 0 | T97: 0 | U97: 0 | V97: 0 | W97: 0 | X97: 0 | Y97: 0 | Z97: 0 | AA97: 0 | AB97: 0 | AC97: 0 | AD97: 12 | AE97: 0 | AF97: 3000000 | AG97: 0 | AH97: 0 | AI97: 0 | AJ97: 0 | AK97: 0 | AL97: 0 | AM97: 0 | AN97: 0 | AO97: 0 | AP97: 0 | AQ97: 0 | AR97: 0 | AS97: 0 | AT97: 0 | AU97: 0 | AV97: 0 | AW97: 0 | AX97: 0 | AY97: 0 | AZ97: 0 | BA97: 0 | BB97: 0 | BC97: 0 | BD97: 0 | BE97: 0 | BF97: 3000000 | BG97: 0 | BH97: 3000000
A98: -6 | B98: ชุดเครื่องมือสำหรับงานก่อสร้างและทดสอบสถานีไฟฟ้า (จำนวน 25 รายการ) | C98: 1000000 | D98: 0 | E98: 0 | F98: 0 | G98: 0 | H98: 0 | I98: 0 | J98: 0 | K98: 0 | L98: 0 | M98: 0 | N98: 0 | O98: 0 | P98: 0 | Q98: 0 | R98: 0 | S98: 0 | T98: 0 | U98: 0 | V98: 0 | W98: 0 | X98: 0 | Y98: 0 | Z98: 0 | AA98: 0 | AB98: 0 | AC98: 0 | AD98: 0 | AE98: 0 | AF98: 0 | AG98: 0 | AH98: 0 | AI98: 0 | AJ98: 0 | AK98: 0 | AL98: 0 | AM98: 0 | AN98: 0 | AO98: 0 | AP98: 0 | AQ98: 0 | AR98: 0 | AS98: 0 | AT98: 0 | AU98: 0 | AV98: 0 | AW98: 0 | AX98: 0 | AY98: 0 | AZ98: 0 | BA98: 0 | BB98: 0 | BC98: 0 | BD98: 0 | BE98: 0 | BF98: 0 | BG98: 0 | BH98: 0
A99: -7 | B99: ชุดเครื่องมือสำหรับงานก่อสร้างระบบจำหน่าย 22, 33 kV (จำนวน 15 รายการ) | C99: 1200000 | D99: 0 | E99: 3 | F99: 0 | G99: 2 | H99: 0 | I99: 0 | J99: 0 | K99: 0 | L99: 0 | M99: 0 | N99: 0 | O99: 0 | P99: 0 | Q99: 0 | R99: 0 | S99: 0 | T99: 0 | U99: 0 | V99: 0 | W99: 0 | X99: 0 | Y99: 0 | Z99: 0 | AA99: 0 | AB99: 0 | AC99: 0 | AD99: 0 | AE99: 5 | AF99: 0 | AG99: 3600000 | AH99: 0 | AI99: 2400000 | AJ99: 0 | AK99: 0 | AL99: 0 | AM99: 0 | AN99: 0 | AO99: 0 | AP99: 0 | AQ99: 0 | AR99: 0 | AS99: 0 | AT99: 0 | AU99: 0 | AV99: 0 | AW99: 0 | AX99: 0 | AY99: 0 | AZ99: 0 | BA99: 0 | BB99: 0 | BC99: 0 | BD99: 0 | BE99: 0 | BF99: 0 | BG99: 6000000 | BH99: 6000000
A100: -8 | B100: ชุดเครื่องมือสำหรับงานก่อสร้างสายส่ง 115 kV [งานโยธา] (จำนวน 21 รายการ) | C100: 1200000 | D100: 0 | E100: 6 | F100: 0 | G100: 0 | H100: 0 | I100: 0 | J100: 0 | K100: 0 | L100: 0 | M100: 0 | N100: 0 | O100: 0 | P100: 0 | Q100: 0 | R100: 0 | S100: 0 | T100: 0 | U100: 0 | V100: 0 | W100: 0 | X100: 0 | Y100: 0 | Z100: 0 | AA100: 0 | AB100: 0 | AC100: 0 | AD100: 0 | AE100: 6 | AF100: 0 | AG100: 7200000 | AH100: 0 | AI100: 0 | AJ100: 0 | AK100: 0 | AL100: 0 | AM100: 0 | AN100: 0 | AO100: 0 | AP100: 0 | AQ100: 0 | AR100: 0 | AS100: 0 | AT100: 0 | AU100: 0 | AV100: 0 | AW100: 0 | AX100: 0 | AY100: 0 | AZ100: 0 | BA100: 0 | BB100: 0 | BC100: 0 | BD100: 0 | BE100: 0 | BF100: 0 | BG100: 7200000 | BH100: 7200000
A101: -9 | B101: ชุดเครื่องมือสำหรับงานก่อสร้างสายส่ง 115 kV [งานไฟฟ้า] (จำนวน 24 รายการ) | C101: 2900000 | D101: 2 | E101: 6 | F101: 0 | G101: 1 | H101: 0 | I101: 0 | J101: 0 | K101: 0 | L101: 0 | M101: 0 | N101: 0 | O101: 0 | P101: 0 | Q101: 0 | R101: 0 | S101: 0 | T101: 0 | U101: 0 | V101: 0 | W101: 0 | X101: 0 | Y101: 0 | Z101: 0 | AA101: 0 | AB101: 0 | AC101: 0 | AD101: 2 | AE101: 7 | AF101: 5800000 | AG101: 17400000 | AH101: 0 | AI101: 2900000 | AJ101: 0 | AK101: 0 | AL101: 0 | AM101: 0 | AN101: 0 | AO101: 0 | AP101: 0 | AQ101: 0 | AR101: 0 | AS101: 0 | AT101: 0 | AU101: 0 | AV101: 0 | AW101: 0 | AX101: 0 | AY101: 0 | AZ101: 0 | BA101: 0 | BB101: 0 | BC101: 0 | BD101: 0 | BE101: 0 | BF101: 5800000 | BG101: 20300000 | BH101: 26100000
A102: -10 | B102: ชุดเครื่องมือสำหรับงานก่อสร้างเคเบิลใต้ดิน 115 kV [งานไฟฟ้า] (จำนวน 34 รายการ) | C102: 3600000 | D102: 0 | E102: 0 | F102: 0 | G102: 0 | H102: 0 | I102: 0 | J102: 0 | K102: 0 | L102: 0 | M102: 0 | N102: 0 | O102: 0 | P102: 0 | Q102: 0 | R102: 0 | S102: 0 | T102: 0 | U102: 0 | V102: 0 | W102: 0 | X102: 0 | Y102: 0 | Z102: 0 | AA102: 0 | AB102: 0 | AC102: 0 | AD102: 0 | AE102: 0 | AF102: 0 | AG102: 0 | AH102: 0 | AI102: 0 | AJ102: 0 | AK102: 0 | AL102: 0 | AM102: 0 | AN102: 0 | AO102: 0 | AP102: 0 | AQ102: 0 | AR102: 0 | AS102: 0 | AT102: 0 | AU102: 0 | AV102: 0 | AW102: 0 | AX102: 0 | AY102: 0 | AZ102: 0 | BA102: 0 | BB102: 0 | BC102: 0 | BD102: 0 | BE102: 0 | BF102: 0 | BG102: 0 | BH102: 0
A103: -11 | B103: ชุดสว่านแม่เหล็ก | C103: 100000 | D103: 0 | E103: 0 | F103: 0 | G103: 0 | H103: 0 | I103: 0 | J103: 0 | K103: 0 | L103: 0 | M103: 0 | N103: 0 | O103: 0 | P103: 0 | Q103: 0 | R103: 0 | S103: 0 | T103: 0 | U103: 0 | V103: 0 | W103: 0 | X103: 0 | Y103: 0 | Z103: 0 | AA103: 0 | AB103: 0 | AC103: 0 | AD103: 0 | AE103: 0 | AF103: 0 | AG103: 0 | AH103: 0 | AI103: 0 | AJ103: 0 | AK103: 0 | AL103: 0 | AM103: 0 | AN103: 0 | AO103: 0 | AP103: 0 | AQ103: 0 | AR103: 0 | AS103: 0 | AT103: 0 | AU103: 0 | AV103: 0 | AW103: 0 | AX103: 0 | AY103: 0 | AZ103: 0 | BA103: 0 | BB103: 0 | BC103: 0 | BD103: 0 | BE103: 0 | BF103: 0 | BG103: 0 | BH103: 0
A104: -12 | B104: เครื่องกระแทรกคอนกรีต ชนิดใช้ไฟฟ้า | C104: 100000 | D104: 0 | E104: 0 | F104: 0 | G104: 0 | H104: 0 | I104: 0 | J104: 0 | K104: 0 | L104: 0 | M104: 0 | N104: 0 | O104: 0 | P104: 0 | Q104: 0 | R104: 0 | S104: 0 | T104: 0 | U104: 0 | V104: 0 | W104: 0 | X104: 0 | Y104: 0 | Z104: 0 | AA104: 0 | AB104: 0 | AC104: 0 | AD104: 0 | AE104: 0 | AF104: 0 | AG104: 0 | AH104: 0 | AI104: 0 | AJ104: 0 | AK104: 0 | AL104: 0 | AM104: 0 | AN104: 0 | AO104: 0 | AP104: 0 | AQ104: 0 | AR104: 0 | AS104: 0 | AT104: 0 | AU104: 0 | AV104: 0 | AW104: 0 | AX104: 0 | AY104: 0 | AZ104: 0 | BA104: 0 | BB104: 0 | BC104: 0 | BD104: 0 | BE104: 0 | BF104: 0 | BG104: 0 | BH104: 0
... A130: -38 | B130: Horizontal Directional Drilling System D36x50 สำหรับดึงท่อ 8-160 มม. HDPE ระยะไม่ต่ำกว่า 150 เมตร | C130: 18000000 | D130: 0 | E130: 0 | F130: 0 | G130: 0 | H130: 0 | I130: 0 | J130: 0 | K130: 0 | L130: 0 | M130: 0 | N130: 0 | O130: 0 | P130: 0 | Q130: 0 | R130: 0 | S130: 0 | T130: 0 | U130: 0 | V130: 0 | W130: 0 | X130: 0 | Y130: 0 | Z130: 0 | AA130: 0 | AB130: 0 | AC130: 0 | AD130: 0 | AE130: 0 | AF130: 0 | AG130: 0 | AH130: 0 | AI130: 0 | AJ130: 0 | AK130: 0 | AL130: 0 | AM130: 0 | AN130: 0 | AO130: 0 | AP130: 0 | AQ130: 0 | AR130: 0 | AS130: 0 | AT130: 0 | AU130: 0 | AV130: 0 | AW130: 0 | AX130: 0 | AY130: 0 | AZ130: 0 | BA130: 0 | BB130: 0 | BC130: 0 | BD130: 0 | BE130: 0 | BF130: 0 | BG130: 0 | BH130: 0
B131: รวมกลุ่มที่ 4 กลุ่มงานก่อสร้างและทดสอบในสถานีไฟฟ้าและระบบไฟฟ้า [จำนวน 38 รายการ] | D131: 36 | E131: 15 | F131: 18 | G131: 3 | H131: 0 | I131: 0 | J131: 8 | K131: 1 | L131: 0 | M131: 1 | N131: 0 | O131: 0 | P131: 0 | Q131: 0 | R131: 0 | S131: 0 | T131: 0 | U131: 0 | V131: 0 | W131: 0 | X131: 0 | Y131: 0 | Z131: 0 | AA131: 0 | AB131: 0 | AC131: 0 | AD131: 62 | AE131: 20 | AF131: 15200000 | AG131: 28200000 | AH131: 6660000 | AI131: 5300000 | AJ131: 0 | AK131: 0 | AL131: 4565000 | AM131: 2000000 | AN131: 0 | AO131: 2250000 | AP131: 0 | AQ131: 0 | AR131: 0 | AS131: 0 | AT131: 0 | AU131: 0 | AV131: 0 | AW131: 0 | AX131: 0 | AY131: 0 | AZ131: 0 | BA131: 0 | BB131: 0 | BC131: 0 | BD131: 0 | BE131: 0 | BF131: 26425000 | BG131: 37750000 | BH131: 64175000
A132: 5 | B132: กลุ่มงานทดสอบและตรวจสอบมาตรฐาน
A133: -1 | B133: Three-Point Internal Micrometer Set | C133: 100000 | D133: 0 | E133: 0 | F133: 0 | G133: 0 | H133: 0 | I133: 0 | J133: 0 | K133: 0 | L133: 0 | M133: 0 | N133: 0 | O133: 0 | P133: 0 | Q133: 0 | R133: 0 | S133: 0 | T133: 0 | U133: 0 | V133: 0 | W133: 0 | X133: 0 | Y133: 0 | Z133: 0 | AA133: 0 | AB133: 2 | AC133: 0 | AD133: 2 | AE133: 0 | AF133: 0 | AG133: 0 | AH133: 0 | AI133: 0 | AJ133: 0 | AK133: 0 | AL133: 0 | AM133: 0 | AN133: 0 | AO133: 0 | AP133: 0 | AQ133: 0 | AR133: 0 | AS133: 0 | AT133: 0 | AU133: 0 | AV133: 0 | AW133: 0 | AX133: 0 | AY133: 0 | AZ133: 0 | BA133: 0 | BB133: 0 | BC133: 0 | BD133: 200000 | BE133: 0 | BF133: 200000 | BG133: 0 | BH133: 200000
A134: -2 | B134: Guage มาตรฐาน สำหรับทดสอบอุปกรณ์ (Ball & Socket Guage) | C134: 200000 | D134: 0 | E134: 0 | F134: 0 | G134: 0 | H134: 0 | I134: 0 | J134: 0 | K134: 0 | L134: 0 | M134: 0 | N134: 0 | O134: 0 | P134: 0 | Q134: 0 | R134: 0 | S134: 0 | T134: 0 | U134: 0 | V134: 0 | W134: 0 | X134: 0 | Y134: 0 | Z134: 0 | AA134: 0 | AB134: 0 | AC134: 0 | AD134: 0 | AE134: 0 | AF134: 0 | AG134: 0 | AH134: 0 | AI134: 0 | AJ134: 0 | AK134: 0 | AL134: 0 | AM134: 0 | AN134: 0 | AO134: 0 | AP134: 0 | AQ134: 0 | AR134: 0 | AS134: 0 | AT134: 0 | AU134: 0 | AV134: 0 | AW134: 0 | AX134: 0 | AY134: 0 | AZ134: 0 | BA134: 0 | BB134: 0 | BC134: 0 | BD134: 0 | BE134: 0 | BF134: 0 | BG134: 0 | BH134: 0
A135: -3 | B135: Macroevtest Multifunction EVSE and Electrical | C135: 200000 | D135: 0 | E135: 0 | F135: 0 | G135: 0 | H135: 0 | I135: 0 | J135: 0 | K135: 0 | L135: 0 | M135: 0 | N135: 0 | O135: 0 | P135: 0 | Q135: 0 | R135: 0 | S135: 0 | T135: 0 | U135: 0 | V135: 0 | W135: 0 | X135: 0 | Y135: 0 | Z135: 0 | AA135: 0 | AB135: 0 | AC135: 0 | AD135: 0 | AE135: 0 | AF135: 0 | AG135: 0 | AH135: 0 | AI135: 0 | AJ135: 0 | AK135: 0 | AL135: 0 | AM135: 0 | AN135: 0 | AO135: 0 | AP135: 0 | AQ135: 0 | AR135: 0 | AS135: 0 | AT135: 0 | AU135: 0 | AV135: 0 | AW135: 0 | AX135: 0 | AY135: 0 | AZ135: 0 | BA135: 0 | BB135: 0 | BC135: 0 | BD135: 0 | BE135: 0 | BF135: 0 | BG135: 0 | BH135: 0
A136: -4 | B136: เครื่องทดสอบแป้นรองมิเตอร์ | C136: 300000 | D136: 0 | E136: 0 | F136: 0 | G136: 0 | H136: 0 | I136: 0 | J136: 0 | K136: 0 | L136: 0 | M136: 0 | N136: 0 | O136: 0 | P136: 0 | Q136: 0 | R136: 0 | S136: 0 | T136: 0 | U136: 0 | V136: 0 | W136: 0 | X136: 0 | Y136: 0 | Z136: 0 | AA136: 0 | AB136: 1 | AC136: 0 | AD136: 1 | AE136: 0 | AF136: 0 | AG136: 0 | AH136: 0 | AI136: 0 | AJ136: 0 | AK136: 0 | AL136: 0 | AM136: 0 | AN136: 0 | AO136: 0 | AP136: 0 | AQ136: 0 | AR136: 0 | AS136: 0 | AT136: 0 | AU136: 0 | AV136: 0 | AW136: 0 | AX136: 0 | AY136: 0 | AZ136: 0 | BA136: 0 | BB136: 0 | BC136: 0 | BD136: 300000 | BE136: 0 | BF136: 300000 | BG136: 0 | BH136: 300000
A137: -5 | B137: MechanicalL Strength Tester (For Operation Test Dropout Fuse Cutout) | C137: 300000 | D137: 0 | E137: 0 | F137: 0 | G137: 0 | H137: 0 | I137: 0 | J137: 0 | K137: 0 | L137: 0 | M137: 0 | N137: 0 | O137: 0 | P137: 0 | Q137: 0 | R137: 0 | S137: 0 | T137: 0 | U137: 0 | V137: 0 | W137: 0 | X137: 0 | Y137: 0 | Z137: 0 | AA137: 0 | AB137: 0 | AC137: 0 | AD137: 0 | AE137: 0 | AF137: 0 | AG137: 0 | AH137: 0 | AI137: 0 | AJ137: 0 | AK137: 0 | AL137: 0 | AM137: 0 | AN137: 0 | AO137: 0 | AP137: 0 | AQ137: 0 | AR137: 0 | AS137: 0 | AT137: 0 | AU137: 0 | AV137: 0 | AW137: 0 | AX137: 0 | AY137: 0 | AZ137: 0 | BA137: 0 | BB137: 0 | BC137: 0 | BD137: 0 | BE137: 0 | BF137: 0 | BG137: 0 | BH137: 0
A138: -6 | B138: Brinell Hardness Tester | C138: 400000 | D138: 0 | E138: 0 | F138: 0 | G138: 0 | H138: 0 | I138: 0 | J138: 0 | K138: 0 | L138: 0 | M138: 0 | N138: 0 | O138: 0 | P138: 0 | Q138: 0 | R138: 0 | S138: 0 | T138: 0 | U138: 0 | V138: 0 | W138: 0 | X138: 0 | Y138: 0 | Z138: 0 | AA138: 0 | AB138: 0 | AC138: 0 | AD138: 0 | AE138: 0 | AF138: 0 | AG138: 0 | AH138: 0 | AI138: 0 | AJ138: 0 | AK138: 0 | AL138: 0 | AM138: 0 | AN138: 0 | AO138: 0 | AP138: 0 | AQ138: 0 | AR138: 0 | AS138: 0 | AT138: 0 | AU138: 0 | AV138: 0 | AW138: 0 | AX138: 0 | AY138: 0 | AZ138: 0 | BA138: 0 | BB138: 0 | BC138: 0 | BD138: 0 | BE138: 0 | BF138: 0 | BG138: 0 | BH138: 0
A139: -7 | B139: ชุดเครื่องมือบีบหลอดต่อสายและคอนเนคเตอร์ | C139: 460000 | D139: 0 | E139: 0 | F139: 0 | G139: 0 | H139: 0 | I139: 0 | J139: 0 | K139: 0 | L139: 0 | M139: 0 | N139: 0 | O139: 0 | P139: 0 | Q139: 0 | R139: 0 | S139: 0 | T139: 0 | U139: 0 | V139: 0 | W139: 0 | X139: 0 | Y139: 0 | Z139: 0 | AA139: 0 | AB139: 1 | AC139: 0 | AD139: 1 | AE139: 0 | AF139: 0 | AG139: 0 | AH139: 0 | AI139: 0 | AJ139: 0 | AK139: 0 | AL139: 0 | AM139: 0 | AN139: 0 | AO139: 0 | AP139: 0 | AQ139: 0 | AR139: 0 | AS139: 0 | AT139: 0 | AU139: 0 | AV139: 0 | AW139: 0 | AX139: 0 | AY139: 0 | AZ139: 0 | BA139: 0 | BB139: 0 | BC139: 0 | BD139: 460000 | BE139: 0 | BF139: 460000 | BG139: 0 | BH139: 460000
A140: -8 | B140: IPC Test Set | C140: 460000 | D140: 0 | E140: 0 | F140: 0 | G140: 0 | H140: 0 | I140: 0 | J140: 0 | K140: 0 | L140: 0 | M140: 0 | N140: 0 | O140: 0 | P140: 0 | Q140: 0 | R140: 0 | S140: 0 | T140: 0 | U140: 0 | V140: 0 | W140: 0 | X140: 0 | Y140: 0 | Z140: 0 | AA140: 0 | AB140: 1 | AC140: 0 | AD140: 1 | AE140: 0 | AF140: 0 | AG140: 0 | AH140: 0 | AI140: 0 | AJ140: 0 | AK140: 0 | AL140: 0 | AM140: 0 | AN140: 0 | AO140: 0 | AP140: 0 | AQ140: 0 | AR140: 0 | AS140: 0 | AT140: 0 | AU140: 0 | AV140: 0 | AW140: 0 | AX140: 0 | AY140: 0 | AZ140: 0 | BA140: 0 | BB140: 0 | BC140: 0 | BD140: 460000 | BE140: 0 | BF140: 460000 | BG140: 0 | BH140: 460000
A141: -9 | B141: Certified Reference Materials (CRM) | C141: 460000 | D141: 0 | E141: 0 | F141: 0 | G141: 0 | H141: 0 | I141: 0 | J141: 0 | K141: 0 | L141: 0 | M141: 0 | N141: 0 | O141: 0 | P141: 0 | Q141: 0 | R141: 0 | S141: 0 | T141: 0 | U141: 0 | V141: 0 | W141: 0 | X141: 0 | Y141: 0 | Z141: 0 | AA141: 0 | AB141: 0 | AC141: 0 | AD141: 0 | AE141: 0 | AF141: 0 | AG141: 0 | AH141: 0 | AI141: 0 | AJ141: 0 | AK141: 0 | AL141: 0 | AM141: 0 | AN141: 0 | AO141: 0 | AP141: 0 | AQ141: 0 | AR141: 0 | AS141: 0 | AT141: 0 | AU141: 0 | AV141: 0 | AW141: 0 | AX141: 0 | AY141: 0 | AZ141: 0 | BA141: 0 | BB141: 0 | BC141: 0 | BD141: 0 | BE141: 0 | BF141: 0 | BG141: 0 | BH141: 0
A142: -10 | B142: Solar PV Tester | C142: 460000 | D142: 0 | E142: 0 | F142: 0 | G142: 0 | H142: 0 | I142: 0 | J142: 0 | K142: 0 | L142: 0 | M142: 0 | N142: 0 | O142: 0 | P142: 0 | Q142: 0 | R142: 0 | S142: 0 | T142: 0 | U142: 0 | V142: 0 | W142: 0 | X142: 0 | Y142: 0 | Z142: 0 | AA142: 0 | AB142: 1 | AC142: 0 | AD142: 1 | AE142: 0 | AF142: 0 | AG142: 0 | AH142: 0 | AI142: 0 | AJ142: 0 | AK142: 0 | AL142: 0 | AM142: 0 | AN142: 0 | AO142: 0 | AP142: 0 | AQ142: 0 | AR142: 0 | AS142: 0 | AT142: 0 | AU142: 0 | AV142: 0 | AW142: 0 | AX142: 0 | AY142: 0 | AZ142: 0 | BA142: 0 | BB142: 0 | BC142: 0 | BD142: 460000 | BE142: 0 | BF142: 460000 | BG142: 0 | BH142: 460000
A143: -11 | B143: Guage มาตรฐาน สำหรับทดสอบอุปกรณ์ (Ball & Socket Guage) ของ Insulator | C143: 600000 | D143: 0 | E143: 0 | F143: 0 | G143: 0 | H143: 0 | I143: 0 | J143: 0 | K143: 0 | L143: 0 | M143: 0 | N143: 0 | O143: 0 | P143: 0 | Q143: 0 | R143: 0 | S143: 0 | T143: 0 | U143: 0 | V143: 0 | W143: 0 | X143: 0 | Y143: 0 | Z143: 0 | AA143: 0 | AB143: 0 | AC143: 0 | AD143: 0 | AE143: 0 | AF143: 0 | AG143: 0 | AH143: 0 | AI143: 0 | AJ143: 0 | AK143: 0 | AL143: 0 | AM143: 0 | AN143: 0 | AO143: 0 | AP143: 0 | AQ143: 0 | AR143: 0 | AS143: 0 | AT143: 0 | AU143: 0 | AV143: 0 | AW143: 0 | AX143: 0 | AY143: 0 | AZ143: 0 | BA143: 0 | BB143: 0 | BC143: 0 | BD143: 0 | BE143: 0 | BF143: 0 | BG143: 0 | BH143: 0
A144: -12 | B144: Porosity Tester | C144: 700000 | D144: 0 | E144: 0 | F144: 0 | G144: 0 | H144: 0 | I144: 0 | J144: 0 | K144: 0 | L144: 0 | M144: 0 | N144: 0 | O144: 0 | P144: 0 | Q144: 0 | R144: 0 | S144: 0 | T144: 0 | U144: 0 | V144: 0 | W144: 0 | X144: 0 | Y144: 0 | Z144: 0 | AA144: 0 | AB144: 0 | AC144: 0 | AD144: 0 | AE144: 0 | AF144: 0 | AG144: 0 | AH144: 0 | AI144: 0 | AJ144: 0 | AK144: 0 | AL144: 0 | AM144: 0 | AN144: 0 | AO144: 0 | AP144: 0 | AQ144: 0 | AR144: 0 | AS144: 0 | AT144: 0 | AU144: 0 | AV144: 0 | AW144: 0 | AX144: 0 | AY144: 0 | AZ144: 0 | BA144: 0 | BB144: 0 | BC144: 0 | BD144: 0 | BE144: 0 | BF144: 0 | BG144: 0 | BH144: 0
... A166: -34 | B166: Automatic Instrument Tranformer Test Set | C166: 60000000 | D166: 0 | E166: 0 | F166: 0 | G166: 0 | H166: 0 | I166: 0 | J166: 0 | K166: 0 | L166: 0 | M166: 0 | N166: 0 | O166: 0 | P166: 0 | Q166: 0 | R166: 0 | S166: 0 | T166: 0 | U166: 0 | V166: 0 | W166: 0 | X166: 0 | Y166: 0 | Z166: 0 | AA166: 0 | AB166: 0 | AC166: 0 | AD166: 0 | AE166: 0 | AF166: 0 | AG166: 0 | AH166: 0 | AI166: 0 | AJ166: 0 | AK166: 0 | AL166: 0 | AM166: 0 | AN166: 0 | AO166: 0 | AP166: 0 | AQ166: 0 | AR166: 0 | AS166: 0 | AT166: 0 | AU166: 0 | AV166: 0 | AW166: 0 | AX166: 0 | AY166: 0 | AZ166: 0 | BA166: 0 | BB166: 0 | BC166: 0 | BD166: 0 | BE166: 0 | BF166: 0 | BG166: 0 | BH166: 0
B167: รวมกลุ่มที่ 5 กลุ่มงานทดสอบและตรวจสอบมาตรฐาน [จำนวน 34 รายการ] | D167: 0 | E167: 0 | F167: 0 | G167: 0 | H167: 0 | I167: 0 | J167: 0 | K167: 0 | L167: 0 | M167: 0 | N167: 0 | O167: 0 | P167: 0 | Q167: 0 | R167: 0 | S167: 0 | T167: 0 | U167: 0 | V167: 0 | W167: 0 | X167: 0 | Y167: 0 | Z167: 0 | AA167: 0 | AB167: 12 | AC167: 0 | AD167: 12 | AE167: 0 | AF167: 0 | AG167: 0 | AH167: 0 | AI167: 0 | AJ167: 0 | AK167: 0 | AL167: 0 | AM167: 0 | AN167: 0 | AO167: 0 | AP167: 0 | AQ167: 0 | AR167: 0 | AS167: 0 | AT167: 0 | AU167: 0 | AV167: 0 | AW167: 0 | AX167: 0 | AY167: 0 | AZ167: 0 | BA167: 0 | BB167: 0 | BC167: 0 | BD167: 58280000 | BE167: 0 | BF167: 58280000 | BG167: 0 | BH167: 58280000
A168: 7 | B168: กลุ่มงานมิเตอร์และหม้อแปลง
A169: -1 | B169: ชุดเครื่องมือสำหรับงานตรวจสอบความเที่ยงตรงของมิเตอร์ (จำนวน 4 รายการ) | C169: 200000 | D169: 0 | E169: 0 | F169: 0 | G169: 0 | H169: 0 | I169: 0 | J169: 0 | K169: 0 | L169: 0 | M169: 0 | N169: 0 | O169: 0 | P169: 0 | Q169: 0 | R169: 0 | S169: 0 | T169: 0 | U169: 0 | V169: 0 | W169: 0 | X169: 0 | Y169: 0 | Z169: 0 | AA169: 0 | AB169: 0 | AC169: 0 | AD169: 0 | AE169: 0 | AF169: 0 | AG169: 0 | AH169: 0 | AI169: 0 | AJ169: 0 | AK169: 0 | AL169: 0 | AM169: 0 | AN169: 0 | AO169: 0 | AP169: 0 | AQ169: 0 | AR169: 0 | AS169: 0 | AT169: 0 | AU169: 0 | AV169: 0 | AW169: 0 | AX169: 0 | AY169: 0 | AZ169: 0 | BA169: 0 | BB169: 0 | BC169: 0 | BD169: 0 | BE169: 0 | BF169: 0 | BG169: 0 | BH169: 0
A170: -2 | B170: ชุดเครื่องมือสำหรับงานตรวจสอบ/บำรุงรักษามิเตอร์ 3 เฟส 4 สาย 69 kV ขึ้นไป (จำนวน 8 รายการ) | C170: 750000 | D170: 0 | E170: 0 | F170: 0 | G170: 0 | H170: 0 | I170: 0 | J170: 0 | K170: 0 | L170: 0 | M170: 0 | N170: 0 | O170: 0 | P170: 0 | Q170: 0 | R170: 0 | S170: 0 | T170: 0 | U170: 0 | V170: 0 | W170: 0 | X170: 2 | Y170: 0 | Z170: 0 | AA170: 0 | AB170: 0 | AC170: 0 | AD170: 2 | AE170: 0 | AF170: 0 | AG170: 0 | AH170: 0 | AI170: 0 | AJ170: 0 | AK170: 0 | AL170: 0 | AM170: 0 | AN170: 0 | AO170: 0 | AP170: 0 | AQ170: 0 | AR170: 0 | AS170: 0 | AT170: 0 | AU170: 0 | AV170: 0 | AW170: 0 | AX170: 0 | AY170: 0 | AZ170: 1500000 | BA170: 0 | BB170: 0 | BC170: 0 | BD170: 0 | BE170: 0 | BF170: 1500000 | BG170: 0 | BH170: 1500000
A171: -3 | B171: Three Channel Wireless HV CT Ratio Tester | C171: 150000 | D171: 0 | E171: 0 | F171: 0 | G171: 0 | H171: 0 | I171: 0 | J171: 0 | K171: 0 | L171: 0 | M171: 0 | N171: 0 | O171: 0 | P171: 0 | Q171: 0 | R171: 0 | S171: 0 | T171: 0 | U171: 0 | V171: 0 | W171: 0 | X171: 0 | Y171: 0 | Z171: 0 | AA171: 0 | AB171: 0 | AC171: 0 | AD171: 0 | AE171: 0 | AF171: 0 | AG171: 0 | AH171: 0 | AI171: 0 | AJ171: 0 | AK171: 0 | AL171: 0 | AM171: 0 | AN171: 0 | AO171: 0 | AP171: 0 | AQ171: 0 | AR171: 0 | AS171: 0 | AT171: 0 | AU171: 0 | AV171: 0 | AW171: 0 | AX171: 0 | AY171: 0 | AZ171: 0 | BA171: 0 | BB171: 0 | BC171: 0 | BD171: 0 | BE171: 0 | BF171: 0 | BG171: 0 | BH171: 0
A172: -4 | B172: เครื่องวัดความต้านทานฉนวน ขนาด 5 kV DC (Insulation Resistance Tester) | C172: 190000 | D172: 0 | E172: 0 | F172: 0 | G172: 0 | H172: 0 | I172: 0 | J172: 0 | K172: 0 | L172: 0 | M172: 0 | N172: 0 | O172: 0 | P172: 0 | Q172: 0 | R172: 0 | S172: 0 | T172: 0 | U172: 0 | V172: 0 | W172: 0 | X172: 0 | Y172: 0 | Z172: 0 | AA172: 0 | AB172: 0 | AC172: 0 | AD172: 0 | AE172: 0 | AF172: 0 | AG172: 0 | AH172: 0 | AI172: 0 | AJ172: 0 | AK172: 0 | AL172: 0 | AM172: 0 | AN172: 0 | AO172: 0 | AP172: 0 | AQ172: 0 | AR172: 0 | AS172: 0 | AT172: 0 | AU172: 0 | AV172: 0 | AW172: 0 | AX172: 0 | AY172: 0 | AZ172: 0 | BA172: 0 | BB172: 0 | BC172: 0 | BD172: 0 | BE172: 0 | BF172: 0 | BG172: 0 | BH172: 0
A173: -5 | B173: Digital Oscilloscope 2 channels | C173: 200000 | D173: 0 | E173: 0 | F173: 0 | G173: 0 | H173: 0 | I173: 0 | J173: 0 | K173: 0 | L173: 0 | M173: 0 | N173: 0 | O173: 0 | P173: 0 | Q173: 0 | R173: 0 | S173: 0 | T173: 0 | U173: 0 | V173: 0 | W173: 0 | X173: 0 | Y173: 0 | Z173: 0 | AA173: 0 | AB173: 0 | AC173: 0 | AD173: 0 | AE173: 0 | AF173: 0 | AG173: 0 | AH173: 0 | AI173: 0 | AJ173: 0 | AK173: 0 | AL173: 0 | AM173: 0 | AN173: 0 | AO173: 0 | AP173: 0 | AQ173: 0 | AR173: 0 | AS173: 0 | AT173: 0 | AU173: 0 | AV173: 0 | AW173: 0 | AX173: 0 | AY173: 0 | AZ173: 0 | BA173: 0 | BB173: 0 | BC173: 0 | BD173: 0 | BE173: 0 | BF173: 0 | BG173: 0 | BH173: 0
A174: -6 | B174: Insulation Tester for Testing Electricity Meters | C174: 250000 | D174: 0 | E174: 0 | F174: 0 | G174: 0 | H174: 0 | I174: 0 | J174: 0 | K174: 0 | L174: 0 | M174: 0 | N174: 0 | O174: 0 | P174: 0 | Q174: 0 | R174: 0 | S174: 0 | T174: 0 | U174: 0 | V174: 0 | W174: 0 | X174: 0 | Y174: 1 | Z174: 0 | AA174: 0 | AB174: 0 | AC174: 0 | AD174: 0 | AE174: 1 | AF174: 0 | AG174: 0 | AH174: 0 | AI174: 0 | AJ174: 0 | AK174: 0 | AL174: 0 | AM174: 0 | AN174: 0 | AO174: 0 | AP174: 0 | AQ174: 0 | AR174: 0 | AS174: 0 | AT174: 0 | AU174: 0 | AV174: 0 | AW174: 0 | AX174: 0 | AY174: 0 | AZ174: 0 | BA174: 250000 | BB174: 0 | BC174: 0 | BD174: 0 | BE174: 0 | BF174: 0 | BG174: 250000 | BH174: 250000
A175: -7 | B175: เครื่องมือทดสอบน้ำมันหม้อแปลงชนิดเคลื่อนที่ได้ ขนาด 0-60 kV (Portable Oil Tester) | C175: 400000 | D175: 0 | E175: 0 | F175: 0 | G175: 0 | H175: 0 | I175: 0 | J175: 0 | K175: 0 | L175: 0 | M175: 0 | N175: 0 | O175: 0 | P175: 0 | Q175: 0 | R175: 0 | S175: 0 | T175: 0 | U175: 0 | V175: 0 | W175: 0 | X175: 0 | Y175: 0 | Z175: 0 | AA175: 0 | AB175: 0 | AC175: 0 | AD175: 0 | AE175: 0 | AF175: 0 | AG175: 0 | AH175: 0 | AI175: 0 | AJ175: 0 | AK175: 0 | AL175: 0 | AM175: 0 | AN175: 0 | AO175: 0 | AP175: 0 | AQ175: 0 | AR175: 0 | AS175: 0 | AT175: 0 | AU175: 0 | AV175: 0 | AW175: 0 | AX175: 0 | AY175: 0 | AZ175: 0 | BA175: 0 | BB175: 0 | BC175: 0 | BD175: 0 | BE175: 0 | BF175: 0 | BG175: 0 | BH175: 0
A176: -8 | B176: ชุดตรวจสอบความเที่ยงตรงของมิเตอร์ (Three Phase Portable Standard Test Set) | C176: 450000 | D176: 0 | E176: 0 | F176: 0 | G176: 0 | H176: 0 | I176: 0 | J176: 0 | K176: 0 | L176: 0 | M176: 0 | N176: 0 | O176: 0 | P176: 0 | Q176: 0 | R176: 0 | S176: 0 | T176: 0 | U176: 0 | V176: 0 | W176: 0 | X176: 0 | Y176: 0 | Z176: 0 | AA176: 0 | AB176: 0 | AC176: 0 | AD176: 0 | AE176: 0 | AF176: 0 | AG176: 0 | AH176: 0 | AI176: 0 | AJ176: 0 | AK176: 0 | AL176: 0 | AM176: 0 | AN176: 0 | AO176: 0 | AP176: 0 | AQ176: 0 | AR176: 0 | AS176: 0 | AT176: 0 | AU176: 0 | AV176: 0 | AW176: 0 | AX176: 0 | AY176: 0 | AZ176: 0 | BA176: 0 | BB176: 0 | BC176: 0 | BD176: 0 | BE176: 0 | BF176: 0 | BG176: 0 | BH176: 0
A177: -9 | B177: ชุดทดสอบรีเลย์ (Relay Test Set) | C177: 450000 | D177: 0 | E177: 0 | F177: 0 | G177: 0 | H177: 0 | I177: 0 | J177: 0 | K177: 0 | L177: 0 | M177: 0 | N177: 0 | O177: 0 | P177: 0 | Q177: 0 | R177: 0 | S177: 0 | T177: 0 | U177: 0 | V177: 0 | W177: 0 | X177: 0 | Y177: 0 | Z177: 0 | AA177: 0 | AB177: 0 | AC177: 0 | AD177: 0 | AE177: 0 | AF177: 0 | AG177: 0 | AH177: 0 | AI177: 0 | AJ177: 0 | AK177: 0 | AL177: 0 | AM177: 0 | AN177: 0 | AO177: 0 | AP177: 0 | AQ177: 0 | AR177: 0 | AS177: 0 | AT177: 0 | AU177: 0 | AV177: 0 | AW177: 0 | AX177: 0 | AY177: 0 | AZ177: 0 | BA177: 0 | BB177: 0 | BC177: 0 | BD177: 0 | BE177: 0 | BF177: 0 | BG177: 0 | BH177: 0
A178: -10 | B178: เครื่องกรองน้ำมันหม้อแปลง ขนาดไม่น้อยกว่า 500 ลิตร/ชั่วโมง (High Vacuum Oil Purifier) | C178: 460000 | D178: 0 | E178: 0 | F178: 0 | G178: 0 | H178: 0 | I178: 0 | J178: 0 | K178: 0 | L178: 0 | M178: 0 | N178: 0 | O178: 0 | P178: 0 | Q178: 0 | R178: 0 | S178: 0 | T178: 0 | U178: 0 | V178: 0 | W178: 0 | X178: 0 | Y178: 0 | Z178: 0 | AA178: 0 | AB178: 0 | AC178: 0 | AD178: 0 | AE178: 0 | AF178: 0 | AG178: 0 | AH178: 0 | AI178: 0 | AJ178: 0 | AK178: 0 | AL178: 0 | AM178: 0 | AN178: 0 | AO178: 0 | AP178: 0 | AQ178: 0 | AR178: 0 | AS178: 0 | AT178: 0 | AU178: 0 | AV178: 0 | AW178: 0 | AX178: 0 | AY178: 0 | AZ178: 0 | BA178: 0 | BB178: 0 | BC178: 0 | BD178: 0 | BE178: 0 | BF178: 0 | BG178: 0 | BH178: 0
A179: -11 | B179: เครื่องวัดอัตราส่วนขดลวดของหม้อแปลง ชนิด 3 Phase (Transformer Turns Ratio Tester) | C179: 460000 | D179: 0 | E179: 0 | F179: 0 | G179: 0 | H179: 0 | I179: 0 | J179: 0 | K179: 0 | L179: 0 | M179: 0 | N179: 0 | O179: 0 | P179: 0 | Q179: 0 | R179: 0 | S179: 0 | T179: 0 | U179: 0 | V179: 0 | W179: 0 | X179: 0 | Y179: 0 | Z179: 0 | AA179: 0 | AB179: 0 | AC179: 0 | AD179: 0 | AE179: 0 | AF179: 0 | AG179: 0 | AH179: 0 | AI179: 0 | AJ179: 0 | AK179: 0 | AL179: 0 | AM179: 0 | AN179: 0 | AO179: 0 | AP179: 0 | AQ179: 0 | AR179: 0 | AS179: 0 | AT179: 0 | AU179: 0 | AV179: 0 | AW179: 0 | AX179: 0 | AY179: 0 | AZ179: 0 | BA179: 0 | BB179: 0 | BC179: 0 | BD179: 0 | BE179: 0 | BF179: 0 | BG179: 0 | BH179: 0
A180: -12 | B180: Three-Phase Portable Meter Test Set | C180: 460000 | D180: 0 | E180: 0 | F180: 0 | G180: 0 | H180: 0 | I180: 0 | J180: 0 | K180: 0 | L180: 0 | M180: 0 | N180: 0 | O180: 0 | P180: 0 | Q180: 0 | R180: 0 | S180: 0 | T180: 0 | U180: 0 | V180: 0 | W180: 0 | X180: 0 | Y180: 3 | Z180: 0 | AA180: 0 | AB180: 0 | AC180: 0 | AD180: 0 | AE180: 3 | AF180: 0 | AG180: 0 | AH180: 0 | AI180: 0 | AJ180: 0 | AK180: 0 | AL180: 0 | AM180: 0 | AN180: 0 | AO180: 0 | AP180: 0 | AQ180: 0 | AR180: 0 | AS180: 0 | AT180: 0 | AU180: 0 | AV180: 0 | AW180: 0 | AX180: 0 | AY180: 0 | AZ180: 0 | BA180: 1380000 | BB180: 0 | BC180: 0 | BD180: 0 | BE180: 0 | BF180: 0 | BG180: 1380000 | BH180: 1380000
... A193: -25 | B193: Automatic Instrument tranformer Test Set | C193: 60000000 | D193: 0 | E193: 0 | F193: 0 | G193: 0 | H193: 0 | I193: 0 | J193: 0 | K193: 0 | L193: 0 | M193: 0 | N193: 0 | O193: 0 | P193: 0 | Q193: 0 | R193: 0 | S193: 0 | T193: 0 | U193: 0 | V193: 0 | W193: 0 | X193: 0 | Y193: 0 | Z193: 0 | AA193: 0 | AB193: 0 | AC193: 0 | AD193: 0 | AE193: 0 | AF193: 0 | AG193: 0 | AH193: 0 | AI193: 0 | AJ193: 0 | AK193: 0 | AL193: 0 | AM193: 0 | AN193: 0 | AO193: 0 | AP193: 0 | AQ193: 0 | AR193: 0 | AS193: 0 | AT193: 0 | AU193: 0 | AV193: 0 | AW193: 0 | AX193: 0 | AY193: 0 | AZ193: 0 | BA193: 0 | BB193: 0 | BC193: 0 | BD193: 0 | BE193: 0 | BF193: 0 | BG193: 0 | BH193: 0
B194: รวมกลุ่มที่ 7 กลุ่มงานมิเตอร์และหม้อแปลง [จำนวน 25 รายการ] | D194: 0 | E194: 0 | F194: 0 | G194: 0 | H194: 0 | I194: 0 | J194: 0 | K194: 0 | L194: 0 | M194: 0 | N194: 0 | O194: 0 | P194: 0 | Q194: 0 | R194: 0 | S194: 0 | T194: 0 | U194: 0 | V194: 0 | W194: 0 | X194: 2 | Y194: 4 | Z194: 0 | AA194: 0 | AB194: 0 | AC194: 0 | AD194: 2 | AE194: 4 | AF194: 0 | AG194: 0 | AH194: 0 | AI194: 0 | AJ194: 0 | AK194: 0 | AL194: 0 | AM194: 0 | AN194: 0 | AO194: 0 | AP194: 0 | AQ194: 0 | AR194: 0 | AS194: 0 | AT194: 0 | AU194: 0 | AV194: 0 | AW194: 0 | AX194: 0 | AY194: 0 | AZ194: 1500000 | BA194: 1630000 | BB194: 0 | BC194: 0 | BD194: 0 | BE194: 0 | BF194: 1500000 | BG194: 1630000 | BH194: 3130000
A195: 9 | B195: กลุ่มงานปฏิบัติการระบบไฟฟ้าด้านฮอทไลน์
A196: -1 | B196: ชุดเครื่องมือสำหรับงานฮอทสติก 22, 33 kV แบ่งออกเป็น 4 ชุดย่อย ดังนี้ | C196: 2940000
A197: -1.1 | B197: ชุดไม้ฉนวนสำหรับงานฮอทสติก 22, 33 kV (จำนวน 23 รายการ) | C197: 1000000 | D197: 0 | E197: 0 | F197: 0 | G197: 0 | H197: 0 | I197: 0 | J197: 0 | K197: 0 | L197: 0 | M197: 0 | N197: 0 | O197: 0 | P197: 0 | Q197: 0 | R197: 0 | S197: 0 | T197: 0 | U197: 0 | V197: 0 | W197: 0 | X197: 0 | Y197: 0 | Z197: 0 | AA197: 0 | AB197: 0 | AC197: 0 | AD197: 0 | AE197: 0 | AF197: 0 | AG197: 0 | AH197: 0 | AI197: 0 | AJ197: 0 | AK197: 0 | AL197: 0 | AM197: 0 | AN197: 0 | AO197: 0 | AP197: 0 | AQ197: 0 | AR197: 0 | AS197: 0 | AT197: 0 | AU197: 0 | AV197: 0 | AW197: 0 | AX197: 0 | AY197: 0 | AZ197: 0 | BA197: 0 | BB197: 0 | BC197: 0 | BD197: 0 | BE197: 0 | BF197: 0 | BG197: 0 | BH197: 0
A198: -1.2 | B198: ชุดอุปกรณ์โลหะสำหรับงานฮอทสติก 22, 33 kV (จำนวน 16 รายการ) | C198: 530000 | D198: 0 | E198: 0 | F198: 0 | G198: 0 | H198: 0 | I198: 0 | J198: 0 | K198: 0 | L198: 0 | M198: 0 | N198: 0 | O198: 0 | P198: 0 | Q198: 0 | R198: 0 | S198: 0 | T198: 0 | U198: 0 | V198: 0 | W198: 0 | X198: 0 | Y198: 0 | Z198: 0 | AA198: 0 | AB198: 0 | AC198: 0 | AD198: 0 | AE198: 0 | AF198: 0 | AG198: 0 | AH198: 0 | AI198: 0 | AJ198: 0 | AK198: 0 | AL198: 0 | AM198: 0 | AN198: 0 | AO198: 0 | AP198: 0 | AQ198: 0 | AR198: 0 | AS198: 0 | AT198: 0 | AU198: 0 | AV198: 0 | AW198: 0 | AX198: 0 | AY198: 0 | AZ198: 0 | BA198: 0 | BB198: 0 | BC198: 0 | BD198: 0 | BE198: 0 | BF198: 0 | BG198: 0 | BH198: 0
A199: -1.3 | B199: ชุดฉนวนป้องกันสำหรับงานฮอทสติก 22, 33 kV (จำนวน 10 รายการ) | C199: 700000 | D199: 0 | E199: 0 | F199: 0 | G199: 0 | H199: 0 | I199: 0 | J199: 0 | K199: 0 | L199: 0 | M199: 0 | N199: 0 | O199: 0 | P199: 0 | Q199: 0 | R199: 0 | S199: 0 | T199: 0 | U199: 0 | V199: 0 | W199: 0 | X199: 0 | Y199: 0 | Z199: 0 | AA199: 0 | AB199: 0 | AC199: 0 | AD199: 0 | AE199: 0 | AF199: 0 | AG199: 0 | AH199: 0 | AI199: 0 | AJ199: 0 | AK199: 0 | AL199: 0 | AM199: 0 | AN199: 0 | AO199: 0 | AP199: 0 | AQ199: 0 | AR199: 0 | AS199: 0 | AT199: 0 | AU199: 0 | AV199: 0 | AW199: 0 | AX199: 0 | AY199: 0 | AZ199: 0 | BA199: 0 | BB199: 0 | BC199: 0 | BD199: 0 | BE199: 0 | BF199: 0 | BG199: 0 | BH199: 0
A200: -1.4 | B200: ชุดเครื่องมือทั่วไปสำหรับงานฮอทสติก 22, 33 kV (จำนวน 23 รายการ) | C200: 710000 | D200: 0 | E200: 0 | F200: 0 | G200: 0 | H200: 0 | I200: 0 | J200: 0 | K200: 0 | L200: 0 | M200: 0 | N200: 0 | O200: 0 | P200: 0 | Q200: 0 | R200: 0 | S200: 0 | T200: 0 | U200: 0 | V200: 0 | W200: 0 | X200: 0 | Y200: 0 | Z200: 0 | AA200: 0 | AB200: 0 | AC200: 0 | AD200: 0 | AE200: 0 | AF200: 0 | AG200: 0 | AH200: 0 | AI200: 0 | AJ200: 0 | AK200: 0 | AL200: 0 | AM200: 0 | AN200: 0 | AO200: 0 | AP200: 0 | AQ200: 0 | AR200: 0 | AS200: 0 | AT200: 0 | AU200: 0 | AV200: 0 | AW200: 0 | AX200: 0 | AY200: 0 | AZ200: 0 | BA200: 0 | BB200: 0 | BC200: 0 | BD200: 0 | BE200: 0 | BF200: 0 | BG200: 0 | BH200: 0
A201: -2 | B201: ชุดเครื่องมือสำหรับงานฮอทสติก 115 kV แบ่งออกเป็น 3 ชุดย่อย ดังนี้ | C201: 1290000
A202: -2.1 | B202: ชุดไม้ฉนวนสำหรับงานฮอทสติก 115 kV (จำนวน 7 รายการ) | C202: 530000 | D202: 0 | E202: 0 | F202: 0 | G202: 0 | H202: 0 | I202: 0 | J202: 0 | K202: 0 | L202: 0 | M202: 0 | N202: 0 | O202: 0 | P202: 0 | Q202: 0 | R202: 0 | S202: 0 | T202: 0 | U202: 0 | V202: 0 | W202: 0 | X202: 0 | Y202: 0 | Z202: 0 | AA202: 0 | AB202: 0 | AC202: 0 | AD202: 0 | AE202: 0 | AF202: 0 | AG202: 0 | AH202: 0 | AI202: 0 | AJ202: 0 | AK202: 0 | AL202: 0 | AM202: 0 | AN202: 0 | AO202: 0 | AP202: 0 | AQ202: 0 | AR202: 0 | AS202: 0 | AT202: 0 | AU202: 0 | AV202: 0 | AW202: 0 | AX202: 0 | AY202: 0 | AZ202: 0 | BA202: 0 | BB202: 0 | BC202: 0 | BD202: 0 | BE202: 0 | BF202: 0 | BG202: 0 | BH202: 0
A203: -2.2 | B203: ชุดอุปกรณ์โลหะสำหรับงานฮอทสติก 115 kV (จำนวน 12 รายการ) | C203: 410000 | D203: 0 | E203: 0 | F203: 0 | G203: 0 | H203: 0 | I203: 0 | J203: 0 | K203: 0 | L203: 0 | M203: 0 | N203: 0 | O203: 0 | P203: 0 | Q203: 0 | R203: 0 | S203: 0 | T203: 0 | U203: 0 | V203: 0 | W203: 0 | X203: 0 | Y203: 0 | Z203: 0 | AA203: 0 | AB203: 0 | AC203: 0 | AD203: 0 | AE203: 0 | AF203: 0 | AG203: 0 | AH203: 0 | AI203: 0 | AJ203: 0 | AK203: 0 | AL203: 0 | AM203: 0 | AN203: 0 | AO203: 0 | AP203: 0 | AQ203: 0 | AR203: 0 | AS203: 0 | AT203: 0 | AU203: 0 | AV203: 0 | AW203: 0 | AX203: 0 | AY203: 0 | AZ203: 0 | BA203: 0 | BB203: 0 | BC203: 0 | BD203: 0 | BE203: 0 | BF203: 0 | BG203: 0 | BH203: 0
A204: -2.3 | B204: ชุดเครื่องมือทั่วไปสำหรับงานฮอทสติก 115 kV (จำนวน 5 รายการ) | C204: 350000 | D204: 0 | E204: 0 | F204: 0 | G204: 0 | H204: 0 | I204: 0 | J204: 0 | K204: 0 | L204: 0 | M204: 0 | N204: 0 | O204: 0 | P204: 0 | Q204: 0 | R204: 0 | S204: 0 | T204: 0 | U204: 0 | V204: 0 | W204: 0 | X204: 0 | Y204: 0 | Z204: 0 | AA204: 0 | AB204: 0 | AC204: 0 | AD204: 0 | AE204: 0 | AF204: 0 | AG204: 0 | AH204: 0 | AI204: 0 | AJ204: 0 | AK204: 0 | AL204: 0 | AM204: 0 | AN204: 0 | AO204: 0 | AP204: 0 | AQ204: 0 | AR204: 0 | AS204: 0 | AT204: 0 | AU204: 0 | AV204: 0 | AW204: 0 | AX204: 0 | AY204: 0 | AZ204: 0 | BA204: 0 | BB204: 0 | BC204: 0 | BD204: 0 | BE204: 0 | BF204: 0 | BG204: 0 | BH204: 0
A205: -3 | B205: ชุดเครื่องมือสำหรับงานฮอทไลน์กระเช้า 22,33 kV แบ่งออกเป็น 4 ชุดย่อย ดังนี้ | C205: 2220000
A206: -3.1 | B206: ชุดไม้ฉนวนสำหรับงานฮอทไลน์กระเช้า 22, 33 kV (จำนวน 13 รายการ) | C206: 650000 | D206: 0 | E206: 0 | F206: 0 | G206: 0 | H206: 0 | I206: 0 | J206: 0 | K206: 0 | L206: 0 | M206: 0 | N206: 0 | O206: 0 | P206: 0 | Q206: 0 | R206: 0 | S206: 0 | T206: 0 | U206: 0 | V206: 0 | W206: 0 | X206: 0 | Y206: 0 | Z206: 0 | AA206: 0 | AB206: 0 | AC206: 0 | AD206: 0 | AE206: 0 | AF206: 0 | AG206: 0 | AH206: 0 | AI206: 0 | AJ206: 0 | AK206: 0 | AL206: 0 | AM206: 0 | AN206: 0 | AO206: 0 | AP206: 0 | AQ206: 0 | AR206: 0 | AS206: 0 | AT206: 0 | AU206: 0 | AV206: 0 | AW206: 0 | AX206: 0 | AY206: 0 | AZ206: 0 | BA206: 0 | BB206: 0 | BC206: 0 | BD206: 0 | BE206: 0 | BF206: 0 | BG206: 0 | BH206: 0
A207: -3.2 | B207: ชุดอุปกรณ์โลหะสำหรับงานฮอทไลน์กระเช้า 22, 33 kV (จำนวน 7 รายการ) | C207: 620000 | D207: 0 | E207: 0 | F207: 0 | G207: 0 | H207: 0 | I207: 0 | J207: 0 | K207: 0 | L207: 0 | M207: 0 | N207: 0 | O207: 0 | P207: 0 | Q207: 0 | R207: 0 | S207: 0 | T207: 0 | U207: 0 | V207: 0 | W207: 0 | X207: 0 | Y207: 0 | Z207: 0 | AA207: 0 | AB207: 0 | AC207: 0 | AD207: 0 | AE207: 0 | AF207: 0 | AG207: 0 | AH207: 0 | AI207: 0 | AJ207: 0 | AK207: 0 | AL207: 0 | AM207: 0 | AN207: 0 | AO207: 0 | AP207: 0 | AQ207: 0 | AR207: 0 | AS207: 0 | AT207: 0 | AU207: 0 | AV207: 0 | AW207: 0 | AX207: 0 | AY207: 0 | AZ207: 0 | BA207: 0 | BB207: 0 | BC207: 0 | BD207: 0 | BE207: 0 | BF207: 0 | BG207: 0 | BH207: 0
A208: -3.3 | B208: ชุดฉนวนป้องกันสำหรับงานฮอทไลน์กระเช้า 22, 33 kV (จำนวน 6 รายการ) | C208: 360000 | D208: 0 | E208: 0 | F208: 0 | G208: 0 | H208: 0 | I208: 0 | J208: 0 | K208: 0 | L208: 0 | M208: 0 | N208: 0 | O208: 0 | P208: 0 | Q208: 0 | R208: 0 | S208: 0 | T208: 0 | U208: 0 | V208: 0 | W208: 0 | X208: 0 | Y208: 0 | Z208: 0 | AA208: 0 | AB208: 0 | AC208: 0 | AD208: 0 | AE208: 0 | AF208: 0 | AG208: 0 | AH208: 0 | AI208: 0 | AJ208: 0 | AK208: 0 | AL208: 0 | AM208: 0 | AN208: 0 | AO208: 0 | AP208: 0 | AQ208: 0 | AR208: 0 | AS208: 0 | AT208: 0 | AU208: 0 | AV208: 0 | AW208: 0 | AX208: 0 | AY208: 0 | AZ208: 0 | BA208: 0 | BB208: 0 | BC208: 0 | BD208: 0 | BE208: 0 | BF208: 0 | BG208: 0 | BH208: 0
A209: -3.4 | B209: ชุดเครื่องมือทั่วไปสำหรับงานฮอทไลน์กระเช้า 22, 33 kV (จำนวน 21 รายการ) | C209: 590000 | D209: 0 | E209: 0 | F209: 0 | G209: 0 | H209: 0 | I209: 0 | J209: 0 | K209: 0 | L209: 0 | M209: 0 | N209: 0 | O209: 0 | P209: 0 | Q209: 0 | R209: 0 | S209: 0 | T209: 0 | U209: 0 | V209: 0 | W209: 0 | X209: 0 | Y209: 0 | Z209: 0 | AA209: 0 | AB209: 0 | AC209: 0 | AD209: 0 | AE209: 0 | AF209: 0 | AG209: 0 | AH209: 0 | AI209: 0 | AJ209: 0 | AK209: 0 | AL209: 0 | AM209: 0 | AN209: 0 | AO209: 0 | AP209: 0 | AQ209: 0 | AR209: 0 | AS209: 0 | AT209: 0 | AU209: 0 | AV209: 0 | AW209: 0 | AX209: 0 | AY209: 0 | AZ209: 0 | BA209: 0 | BB209: 0 | BC209: 0 | BD209: 0 | BE209: 0 | BF209: 0 | BG209: 0 | BH209: 0
A210: -4 | B210: ชุดเครื่องมือสำหรับงานฮอทไลน์กระเช้า 115 kV แบ่งออกเป็น 4 ชุดย่อย ดังนี้ | C210: 2810000
A211: -4.1 | B211: ชุดไม้ฉนวนสำหรับงานฮอทไลน์กระเช้า 115 kV (จำนวน 14 รายการ) | C211: 660000 | D211: 0 | E211: 0 | F211: 0 | G211: 0 | H211: 0 | I211: 0 | J211: 0 | K211: 0 | L211: 0 | M211: 0 | N211: 0 | O211: 0 | P211: 0 | Q211: 0 | R211: 0 | S211: 0 | T211: 0 | U211: 0 | V211: 0 | W211: 0 | X211: 0 | Y211: 0 | Z211: 0 | AA211: 0 | AB211: 0 | AC211: 0 | AD211: 0 | AE211: 0 | AF211: 0 | AG211: 0 | AH211: 0 | AI211: 0 | AJ211: 0 | AK211: 0 | AL211: 0 | AM211: 0 | AN211: 0 | AO211: 0 | AP211: 0 | AQ211: 0 | AR211: 0 | AS211: 0 | AT211: 0 | AU211: 0 | AV211: 0 | AW211: 0 | AX211: 0 | AY211: 0 | AZ211: 0 | BA211: 0 | BB211: 0 | BC211: 0 | BD211: 0 | BE211: 0 | BF211: 0 | BG211: 0 | BH211: 0
A212: -4.2 | B212: ชุดอุปกรณ์โลหะสำหรับงานฮอทไลน์กระเช้า 115 kV (จำนวน 9 รายการ) | C212: 920000 | D212: 0 | E212: 0 | F212: 0 | G212: 0 | H212: 0 | I212: 0 | J212: 0 | K212: 0 | L212: 0 | M212: 0 | N212: 0 | O212: 0 | P212: 0 | Q212: 0 | R212: 0 | S212: 0 | T212: 0 | U212: 0 | V212: 0 | W212: 0 | X212: 0 | Y212: 0 | Z212: 0 | AA212: 0 | AB212: 0 | AC212: 0 | AD212: 0 | AE212: 0 | AF212: 0 | AG212: 0 | AH212: 0 | AI212: 0 | AJ212: 0 | AK212: 0 | AL212: 0 | AM212: 0 | AN212: 0 | AO212: 0 | AP212: 0 | AQ212: 0 | AR212: 0 | AS212: 0 | AT212: 0 | AU212: 0 | AV212: 0 | AW212: 0 | AX212: 0 | AY212: 0 | AZ212: 0 | BA212: 0 | BB212: 0 | BC212: 0 | BD212: 0 | BE212: 0 | BF212: 0 | BG212: 0 | BH212: 0
A213: -4.3 | B213: ชุดฉนวนป้องกันสำหรับงานฮอทไลน์กระเช้า 115 kV (จำนวน 6 รายการ) | C213: 360000 | D213: 0 | E213: 0 | F213: 0 | G213: 0 | H213: 0 | I213: 0 | J213: 0 | K213: 0 | L213: 0 | M213: 0 | N213: 0 | O213: 0 | P213: 0 | Q213: 0 | R213: 0 | S213: 0 | T213: 0 | U213: 0 | V213: 0 | W213: 0 | X213: 0 | Y213: 0 | Z213: 0 | AA213: 0 | AB213: 0 | AC213: 0 | AD213: 0 | AE213: 0 | AF213: 0 | AG213: 0 | AH213: 0 | AI213: 0 | AJ213: 0 | AK213: 0 | AL213: 0 | AM213: 0 | AN213: 0 | AO213: 0 | AP213: 0 | AQ213: 0 | AR213: 0 | AS213: 0 | AT213: 0 | AU213: 0 | AV213: 0 | AW213: 0 | AX213: 0 | AY213: 0 | AZ213: 0 | BA213: 0 | BB213: 0 | BC213: 0 | BD213: 0 | BE213: 0 | BF213: 0 | BG213: 0 | BH213: 0
A214: -4.4 | B214: ชุดเครื่องมือทั่วไปสำหรับงานฮอทไลน์กระเช้า 115 kV (จำนวน 23 รายการ) | C214: 870000 | D214: 0 | E214: 0 | F214: 0 | G214: 0 | H214: 0 | I214: 0 | J214: 0 | K214: 0 | L214: 0 | M214: 0 | N214: 0 | O214: 0 | P214: 0 | Q214: 0 | R214: 0 | S214: 0 | T214: 0 | U214: 0 | V214: 0 | W214: 0 | X214: 0 | Y214: 0 | Z214: 0 | AA214: 0 | AB214: 0 | AC214: 0 | AD214: 0 | AE214: 0 | AF214: 0 | AG214: 0 | AH214: 0 | AI214: 0 | AJ214: 0 | AK214: 0 | AL214: 0 | AM214: 0 | AN214: 0 | AO214: 0 | AP214: 0 | AQ214: 0 | AR214: 0 | AS214: 0 | AT214: 0 | AU214: 0 | AV214: 0 | AW214: 0 | AX214: 0 | AY214: 0 | AZ214: 0 | BA214: 0 | BB214: 0 | BC214: 0 | BD214: 0 | BE214: 0 | BF214: 0 | BG214: 0 | BH214: 0
...

Sheet เครื่องมือ(ส่วนภูมิภาค) ปี 2568
A1: แผนงานสนับสนุนการดำเนินงานระยะที่ 6 ปี 2568-2570 (แผนงาน 3 ปี)
A2: รายละเอียดเครื่องมือเครื่องใช้ สำหรับหน่วยงานส่วนภูมิภาค (จำนวน 12 เขต) ของปี 2568
A3: ที่ | C3: ราคา ต่อหน่วย (บาท) | D3: จำนวนเครื่องมือ-เครื่องใช้ | AD3: วงเงินงบประมาณ | BD3: สรุปวงเงินทั้งสิ้น
D4: กฟน.1 | F4: กฟน.2 | H4: กฟน.3 | J4: กฟฉ.1 | L4: กฟฉ.2 | N4: กฟฉ.3 | P4: กฟก.1 | R4: กฟก.2 | T4: กฟก.3 | V4: กฟต.1 | X4: กฟต.2 | Z4: กฟต.3 | AB4: รวม | AD4: กฟน.1 | AF4: กฟน.2 | AH4: กฟน.3 | AJ4: กฟฉ.1 | AL4: กฟฉ.2 | AN4: กฟฉ.3 | AP4: กฟก.1 | AR4: กฟก.2 | AT4: กฟก.3 | AV4: กฟต.1 | AX4: กฟต.2 | AZ4: กฟต.3 | BB4: รวม
D5: เพิ่มเติม | E5: ทดแทน | F5: เพิ่มเติม | G5: ทดแทน | H5: เพิ่มเติม | I5: ทดแทน | J5: เพิ่มเติม | K5: ทดแทน | L5: เพิ่มเติม | M5: ทดแทน | N5: เพิ่มเติม | O5: ทดแทน | P5: เพิ่มเติม | Q5: ทดแทน | R5: เพิ่มเติม | S5: ทดแทน | T5: เพิ่มเติม | U5: ทดแทน | V5: เพิ่มเติม | W5: ทดแทน | X5: เพิ่มเติม | Y5: ทดแทน | Z5: เพิ่มเติม | AA5: ทดแทน | AB5: เพิ่มเติม | AC5: ทดแทน | AD5: เพิ่มเติม | AE5: ทดแทน | AF5: เพิ่มเติม | AG5: ทดแทน | AH5: เพิ่มเติม | AI5: ทดแทน | AJ5: เพิ่มเติม | AK5: ทดแทน | AL5: เพิ่มเติม | AM5: ทดแทน | AN5: เพิ่มเติม | AO5: ทดแทน | AP5: เพิ่มเติม | AQ5: ทดแทน | AR5: เพิ่มเติม | AS5: ทดแทน | AT5: เพิ่มเติม | AU5: ทดแทน | AV5: เพิ่มเติม | AW5: ทดแทน | AX5: เพิ่มเติม | AY5: ทดแทน | AZ5: เพิ่มเติม | BA5: ทดแทน | BB5: เพิ่มเติม | BC5: ทดแทน
A6: 1 | B6: กลุ่มงานปฏิบัติงานระบบไฟฟ้า (เฉพาะการไฟฟ้าหน้างาน)
A7: -1 | B7: ชุดเครื่องมือสำหรับงานตรวจสอบระบบไฟฟ้า (Patrol) (จำนวน 4 รายการ) | C7: 110000 | D7: 4 | E7: 0 | F7: 4 | G7: 0 | H7: 4 | I7: 0 | J7: 4 | K7: 0 | L7: 10 | M7: 0 | N7: 4 | O7: 1 | P7: 0 | Q7: 0 | R7: 5 | S7: 3 | T7: 0 | U7: 0 | V7: 0 | W7: 0 | X7: 10 | Y7: 0 | Z7: 0 | AA7: 0 | AB7: 45 | AC7: 4 | AD7: 440000 | AE7: 0 | AF7: 440000 | AG7: 0 | AH7: 440000 | AI7: 0 | AJ7: 440000 | AK7: 0 | AL7: 1100000 | AM7: 0 | AN7: 440000 | AO7: 110000 | AP7: 0 | AQ7: 0 | AR7: 550000 | AS7: 330000 | AT7: 0 | AU7: 0 | AV7: 0 | AW7: 0 | AX7: 1100000 | AY7: 0 | AZ7: 0 | BA7: 0 | BB7: 4950000 | BC7: 440000 | BD7: 5390000
A8: -2 | B8: ชุดเครื่องมือสำหรับงานตรวจสอบความเที่ยงตรงของมิเตอร์ (จำนวน 4 รายการ) | C8: 200000 | D8: 7 | E8: 0 | F8: 0 | G8: 0 | H8: 0 | I8: 0 | J8: 0 | K8: 0 | L8: 0 | M8: 0 | N8: 4 | O8: 0 | P8: 9 | Q8: 0 | R8: 2 | S8: 0 | T8: 0 | U8: 4 | V8: 0 | W8: 0 | X8: 0 | Y8: 0 | Z8: 5 | AA8: 0 | AB8: 27 | AC8: 4 | AD8: 1400000 | AE8: 0 | AF8: 0 | AG8: 0 | AH8: 0 | AI8: 0 | AJ8: 0 | AK8: 0 | AL8: 0 | AM8: 0 | AN8: 800000 | AO8: 0 | AP8: 1800000 | AQ8: 0 | AR8: 400000 | AS8: 0 | AT8: 0 | AU8: 800000 | AV8: 0 | AW8: 0 | AX8: 0 | AY8: 0 | AZ8: 1000000 | BA8: 0 | BB8: 5400000 | BC8: 800000 | BD8: 6200000
A9: -3 | B9: ชุดเครื่องมือสำหรับงานก่อสร้างระบบจำหน่าย 22, 33 kV (จำนวน 15 รายการ) | C9: 1200000 | D9: 0 | E9: 0 | F9: 0 | G9: 0 | H9: 0 | I9: 0 | J9: 0 | K9: 0 | L9: 0 | M9: 0 | N9: 0 | O9: 0 | P9: 0 | Q9: 0 | R9: 0 | S9: 0 | T9: 0 | U9: 0 | V9: 0 | W9: 0 | X9: 0 | Y9: 0 | Z9: 0 | AA9: 0 | AB9: 0 | AC9: 0 | AD9: 0 | AE9: 0 | AF9: 0 | AG9: 0 | AH9: 0 | AI9: 0 | AJ9: 0 | AK9: 0 | AL9: 0 | AM9: 0 | AN9: 0 | AO9: 0 | AP9: 0 | AQ9: 0 | AR9: 0 | AS9: 0 | AT9: 0 | AU9: 0 | AV9: 0 | AW9: 0 | AX9: 0 | AY9: 0 | AZ9: 0 | BA9: 0 | BB9: 0 | BC9: 0 | BD9: 0
A10: -4 | B10: เครื่องมือตรวจสอบการทํางาน Bypass Diode | C10: 125000 | D10: 0 | E10: 0 | F10: 0 | G10: 0 | H10: 0 | I10: 0 | J10: 0 | K10: 0 | L10: 0 | M10: 0 | N10: 0 | O10: 0 | P10: 0 | Q10: 0 | R10: 0 | S10: 0 | T10: 0 | U10: 0 | V10: 0 | W10: 0 | X10: 0 | Y10: 0 | Z10: 0 | AA10: 0 | AB10: 0 | AC10: 0 | AD10: 0 | AE10: 0 | AF10: 0 | AG10: 0 | AH10: 0 | AI10: 0 | AJ10: 0 | AK10: 0 | AL10: 0 | AM10: 0 | AN10: 0 | AO10: 0 | AP10: 0 | AQ10: 0 | AR10: 0 | AS10: 0 | AT10: 0 | AU10: 0 | AV10: 0 | AW10: 0 | AX10: 0 | AY10: 0 | AZ10: 0 | BA10: 0 | BB10: 0 | BC10: 0 | BD10: 0
A11: -5 | B11: Multifunction Installation Tester | C11: 150000 | D11: 7 | E11: 0 | F11: 0 | G11: 0 | H11: 0 | I11: 0 | J11: 0 | K11: 0 | L11: 0 | M11: 0 | N11: 0 | O11: 0 | P11: 0 | Q11: 0 | R11: 0 | S11: 0 | T11: 0 | U11: 0 | V11: 0 | W11: 0 | X11: 0 | Y11: 0 | Z11: 0 | AA11: 0 | AB11: 7 | AC11: 0 | AD11: 1050000 | AE11: 0 | AF11: 0 | AG11: 0 | AH11: 0 | AI11: 0 | AJ11: 0 | AK11: 0 | AL11: 0 | AM11: 0 | AN11: 0 | AO11: 0 | AP11: 0 | AQ11: 0 | AR11: 0 | AS11: 0 | AT11: 0 | AU11: 0 | AV11: 0 | AW11: 0 | AX11: 0 | AY11: 0 | AZ11: 0 | BA11: 0 | BB11: 1050000 | BC11: 0 | BD11: 1050000
A12: -6 | B12: อุปกรณ์ปลดโหลดชนิดเคลื่อนย้ายได้ (Load Break Tools) | C12: 150000 | D12: 3 | E12: 0 | F12: 3 | G12: 0 | H12: 3 | I12: 0 | J12: 3 | K12: 0 | L12: 0 | M12: 0 | N12: 0 | O12: 2 | P12: 0 | Q12: 0 | R12: 5 | S12: 6 | T12: 0 | U12: 0 | V12: 0 | W12: 0 | X12: 0 | Y12: 0 | Z12: 7 | AA12: 0 | AB12: 24 | AC12: 8 | AD12: 450000 | AE12: 0 | AF12: 450000 | AG12: 0 | AH12: 450000 | AI12: 0 | AJ12: 450000 | AK12: 0 | AL12: 0 | AM12: 0 | AN12: 0 | AO12: 300000 | AP12: 0 | AQ12: 0 | AR12: 750000 | AS12: 900000 | AT12: 0 | AU12: 0 | AV12: 0 | AW12: 0 | AX12: 0 | AY12: 0 | AZ12: 1050000 | BA12: 0 | BB12: 3600000 | BC12: 1200000 | BD12: 4800000
A13: -7 | B13: Three Channel Wireless HV CT Ratio Tester | C13: 150000 | D13: 7 | E13: 0 | F13: 0 | G13: 0 | H13: 0 | I13: 0 | J13: 1 | K13: 1 | L13: 0 | M13: 0 | N13: 4 | O13: 0 | P13: 9 | Q13: 0 | R13: 3 | S13: 0 | T13: 3 | U13: 0 | V13: 0 | W13: 0 | X13: 0 | Y13: 0 | Z13: 4 | AA13: 0 | AB13: 31 | AC13: 1 | AD13: 1050000 | AE13: 0 | AF13: 0 | AG13: 0 | AH13: 0 | AI13: 0 | AJ13: 150000 | AK13: 150000 | AL13: 0 | AM13: 0 | AN13: 600000 | AO13: 0 | AP13: 1350000 | AQ13: 0 | AR13: 450000 | AS13: 0 | AT13: 450000 | AU13: 0 | AV13: 0 | AW13: 0 | AX13: 0 | AY13: 0 | AZ13: 600000 | BA13: 0 | BB13: 4650000 | BC13: 150000 | BD13: 4800000
A14: -8 | B14: เครื่องมือบีบหลอดต่อสาย (Hydraulic Compression Tools) | C14: 180000 | D14: 5 | E14: 3 | F14: 10 | G14: 2 | H14: 3 | I14: 0 | J14: 4 | K14: 0 | L14: 0 | M14: 0 | N14: 0 | O14: 2 | P14: 0 | Q14: 0 | R14: 3 | S14: 5 | T14: 4 | U14: 0 | V14: 0 | W14: 0 | X14: 2 | Y14: 2 | Z14: 13 | AA14: 2 | AB14: 44 | AC14: 16 | AD14: 900000 | AE14: 540000 | AF14: 1800000 | AG14: 360000 | AH14: 540000 | AI14: 0 | AJ14: 720000 | AK14: 0 | AL14: 0 | AM14: 0 | AN14: 0 | AO14: 360000 | AP14: 0 | AQ14: 0 | AR14: 540000 | AS14: 900000 | AT14: 720000 | AU14: 0 | AV14: 0 | AW14: 0 | AX14: 360000 | AY14: 360000 | AZ14: 2340000 | BA14: 360000 | BB14: 7920000 | BC14: 2880000 | BD14: 10800000
A15: -9 | B15: เครื่องวัดความต้านทานฉนวน ขนาด 5 kV DC (Insulation Resistance Tester) | C15: 190000 | D15: 13 | E15: 0 | F15: 10 | G15: 0 | H15: 0 | I15: 0 | J15: 6 | K15: 0 | L15: 0 | M15: 0 | N15: 4 | O15: 1 | P15: 0 | Q15: 0 | R15: 2 | S15: 0 | T15: 0 | U15: 0 | V15: 0 | W15: 0 | X15: 0 | Y15: 0 | Z15: 10 | AA15: 0 | AB15: 45 | AC15: 1 | AD15: 2470000 | AE15: 0 | AF15: 1900000 | AG15: 0 | AH15: 0 | AI15: 0 | AJ15: 1140000 | AK15: 0 | AL15: 0 | AM15: 0 | AN15: 760000 | AO15: 190000 | AP15: 0 | AQ15: 0 | AR15: 380000 | AS15: 0 | AT15: 0 | AU15: 0 | AV15: 0 | AW15: 0 | AX15: 0 | AY15: 0 | AZ15: 1900000 | BA15: 0 | BB15: 8550000 | BC15: 190000 | BD15: 8740000
A16: -10 | B16: เครื่องวัดอัตราส่วนขดลวดของหม้อแปลง ชนิด 1 Phase (Transformer Turns Ratio Tester) | C16: 200000 | D16: 0 | E16: 0 | F16: 0 | G16: 0 | H16: 0 | I16: 0 | J16: 0 | K16: 0 | L16: 0 | M16: 0 | N16: 0 | O16: 0 | P16: 0 | Q16: 0 | R16: 2 | S16: 0 | T16: 0 | U16: 0 | V16: 2 | W16: 0 | X16: 0 | Y16: 0 | Z16: 0 | AA16: 0 | AB16: 4 | AC16: 0 | AD16: 0 | AE16: 0 | AF16: 0 | AG16: 0 | AH16: 0 | AI16: 0 | AJ16: 0 | AK16: 0 | AL16: 0 | AM16: 0 | AN16: 0 | AO16: 0 | AP16: 0 | AQ16: 0 | AR16: 400000 | AS16: 0 | AT16: 0 | AU16: 0 | AV16: 400000 | AW16: 0 | AX16: 0 | AY16: 0 | AZ16: 0 | BA16: 0 | BB16: 800000 | BC16: 0 | BD16: 800000
A17: -11 | B17: Digital Power Meter 1, 3 Phase | C17: 200000 | D17: 2 | E17: 0 | F17: 0 | G17: 0 | H17: 0 | I17: 0 | J17: 3 | K17: 0 | L17: 0 | M17: 0 | N17: 3 | O17: 0 | P17: 0 | Q17: 0 | R17: 0 | S17: 0 | T17: 0 | U17: 0 | V17: 0 | W17: 0 | X17: 0 | Y17: 0 | Z17: 0 | AA17: 0 | AB17: 8 | AC17: 0 | AD17: 400000 | AE17: 0 | AF17: 0 | AG17: 0 | AH17: 0 | AI17: 0 | AJ17: 600000 | AK17: 0 | AL17: 0 | AM17: 0 | AN17: 600000 | AO17: 0 | AP17: 0 | AQ17: 0 | AR17: 0 | AS17: 0 | AT17: 0 | AU17: 0 | AV17: 0 | AW17: 0 | AX17: 0 | AY17: 0 | AZ17: 0 | BA17: 0 | BB17: 1600000 | BC17: 0 | BD17: 1600000
A18: -12 | B18: เครื่องวัดพลังงานไฟฟ้าและตรวจวัดคุณภาพไฟฟ้า | C18: 210000 | D18: 0 | E18: 0 | F18: 0 | G18: 0 | H18: 0 | I18: 0 | J18: 0 | K18: 0 | L18: 0 | M18: 0 | N18: 0 | O18: 0 | P18: 0 | Q18: 0 | R18: 0 | S18: 0 | T18: 0 | U18: 0 | V18: 0 | W18: 0 | X18: 0 | Y18: 0 | Z18: 0 | AA18: 0 | AB18: 0 | AC18: 0 | AD18: 0 | AE18: 0 | AF18: 0 | AG18: 0 | AH18: 0 | AI18: 0 | AJ18: 0 | AK18: 0 | AL18: 0 | AM18: 0 | AN18: 0 | AO18: 0 | AP18: 0 | AQ18: 0 | AR18: 0 | AS18: 0 | AT18: 0 | AU18: 0 | AV18: 0 | AW18: 0 | AX18: 0 | AY18: 0 | AZ18: 0 | BA18: 0 | BB18: 0 | BC18: 0 | BD18: 0
... A34: -28 | B34: กล้องถ่ายภาพความร้อน ความละเอียด 640x480 Pixels (Thermal Imaging Camera) | C34: 1100000 | D34: 1 | E34: 0 | F34: 1 | G34: 0 | H34: 1 | I34: 0 | J34: 0 | K34: 0 | L34: 0 | M34: 0 | N34: 0 | O34: 0 | P34: 0 | Q34: 0 | R34: 0 | S34: 0 | T34: 0 | U34: 0 | V34: 0 | W34: 0 | X34: 0 | Y34: 0 | Z34: 0 | AA34: 0 | AB34: 3 | AC34: 0 | AD34: 1100000 | AE34: 0 | AF34: 1100000 | AG34: 0 | AH34: 1100000 | AI34: 0 | AJ34: 0 | AK34: 0 | AL34: 0 | AM34: 0 | AN34: 0 | AO34: 0 | AP34: 0 | AQ34: 0 | AR34: 0 | AS34: 0 | AT34: 0 | AU34: 0 | AV34: 0 | AW34: 0 | AX34: 0 | AY34: 0 | AZ34: 0 | BA34: 0 | BB34: 3300000 | BC34: 0 | BD34: 3300000
B35: รวมกลุ่มที่ 1 กลุ่มงานต่าง ๆ ของการไฟฟ้าหน้างาน [จำนวน 28 รายการ] | D35: 86 | E35: 7 | F35: 38 | G35: 2 | H35: 14 | I35: 1 | J35: 34 | K35: 3 | L35: 11 | M35: 0 | N35: 33 | O35: 8 | P35: 29 | Q35: 18 | R35: 34 | S35: 24 | T35: 19 | U35: 8 | V35: 3 | W35: 0 | X35: 16 | Y35: 2 | Z35: 53 | AA35: 7 | AB35: 370 | AC35: 80 | AD35: 26425000 | AE35: 2200000 | AF35: 9395000 | AG35: 360000 | AH35: 3750000 | AI35: 460000 | AJ35: 8400000 | AK35: 950000 | AL35: 1560000 | AM35: 0 | AN35: 9080000 | AO35: 2120000 | AP35: 8340000 | AQ35: 6420000 | AR35: 9200000 | AS35: 5920000 | AT35: 9870000 | AU35: 2400000 | AV35: 800000 | AW35: 0 | AX35: 3740000 | AY35: 360000 | AZ35: 13100000 | BA35: 2940000 | BB35: 103660000 | BC35: 24130000 | BD35: 127790000
A36: 2 | B36: กลุ่มงานบำรุงรักษาสถานีไฟฟ้า
A37: -1 | B37: ชุดเครื่องมือสำหรับงานบำรุงรักษาระบบ SCPS (จำนวน 3 รายการ) | C37: 110000 | D37: 0 | E37: 0 | F37: 0 | G37: 0 | H37: 0 | I37: 0 | J37: 0 | K37: 0 | L37: 0 | M37: 0 | N37: 0 | O37: 0 | P37: 0 | Q37: 0 | R37: 0 | S37: 0 | T37: 0 | U37: 0 | V37: 0 | W37: 0 | X37: 0 | Y37: 0 | Z37: 0 | AA37: 0 | AB37: 0 | AC37: 0 | AD37: 0 | AE37: 0 | AF37: 0 | AG37: 0 | AH37: 0 | AI37: 0 | AJ37: 0 | AK37: 0 | AL37: 0 | AM37: 0 | AN37: 0 | AO37: 0 | AP37: 0 | AQ37: 0 | AR37: 0 | AS37: 0 | AT37: 0 | AU37: 0 | AV37: 0 | AW37: 0 | AX37: 0 | AY37: 0 | AZ37: 0 | BA37: 0 | BB37: 0 | BC37: 0 | BD37: 0
A38: -2 | B38: ชุดเครื่องมือสำหรับงานตรวจสอบ Switchgear 22, 33 kV เบื้องต้น (จำนวน 8 รายการ) | C38: 140000 | D38: 1 | E38: 0 | F38: 0 | G38: 0 | H38: 0 | I38: 0 | J38: 0 | K38: 0 | L38: 0 | M38: 0 | N38: 1 | O38: 0 | P38: 0 | Q38: 0 | R38: 0 | S38: 1 | T38: 0 | U38: 0 | V38: 0 | W38: 0 | X38: 0 | Y38: 0 | Z38: 1 | AA38: 0 | AB38: 3 | AC38: 1 | AD38: 140000 | AE38: 0 | AF38: 0 | AG38: 0 | AH38: 0 | AI38: 0 | AJ38: 0 | AK38: 0 | AL38: 0 | AM38: 0 | AN38: 140000 | AO38: 0 | AP38: 0 | AQ38: 0 | AR38: 0 | AS38: 140000 | AT38: 0 | AU38: 0 | AV38: 0 | AW38: 0 | AX38: 0 | AY38: 0 | AZ38: 140000 | BA38: 0 | BB38: 420000 | BC38: 140000 | BD38: 560000
A39: -3 | B39: ชุดเครื่องมือสำหรับงานทดสอบ Circuit Breaker (จำนวน 6 รายการ) | C39: 1600000 | D39: 1 | E39: 0 | F39: 0 | G39: 0 | H39: 0 | I39: 0 | J39: 0 | K39: 0 | L39: 0 | M39: 0 | N39: 0 | O39: 0 | P39: 0 | Q39: 0 | R39: 0 | S39: 0 | T39: 0 | U39: 0 | V39: 0 | W39: 0 | X39: 1 | Y39: 0 | Z39: 0 | AA39: 0 | AB39: 2 | AC39: 0 | AD39: 1600000 | AE39: 0 | AF39: 0 | AG39: 0 | AH39: 0 | AI39: 0 | AJ39: 0 | AK39: 0 | AL39: 0 | AM39: 0 | AN39: 0 | AO39: 0 | AP39: 0 | AQ39: 0 | AR39: 0 | AS39: 0 | AT39: 0 | AU39: 0 | AV39: 0 | AW39: 0 | AX39: 1600000 | AY39: 0 | AZ39: 0 | BA39: 0 | BB39: 3200000 | BC39: 0 | BD39: 3200000
A40: -4 | B40: ชุดเครื่องมือสำหรับงานบำรุงรักษาระบบ CSCS (จำนวน 8 รายการ) | C40: 2100000 | D40: 0 | E40: 0 | F40: 0 | G40: 0 | H40: 0 | I40: 0 | J40: 0 | K40: 0 | L40: 0 | M40: 0 | N40: 0 | O40: 0 | P40: 0 | Q40: 0 | R40: 0 | S40: 0 | T40: 1 | U40: 0 | V40: 0 | W40: 0 | X40: 0 | Y40: 0 | Z40: 1 | AA40: 0 | AB40: 2 | AC40: 0 | AD40: 0 | AE40: 0 | AF40: 0 | AG40: 0 | AH40: 0 | AI40: 0 | AJ40: 0 | AK40: 0 | AL40: 0 | AM40: 0 | AN40: 0 | AO40: 0 | AP40: 0 | AQ40: 0 | AR40: 0 | AS40: 0 | AT40: 2100000 | AU40: 0 | AV40: 0 | AW40: 0 | AX40: 0 | AY40: 0 | AZ40: 2100000 | BA40: 0 | BB40: 4200000 | BC40: 0 | BD40: 4200000
A41: -5 | B41: เครื่องมือวัดความถ่วงจำเพาะของแบตเตอรี่ แบบดิจิทัล | C41: 135000 | D41: 1 | E41: 0 | F41: 0 | G41: 0 | H41: 0 | I41: 0 | J41: 0 | K41: 0 | L41: 0 | M41: 0 | N41: 0 | O41: 0 | P41: 0 | Q41: 0 | R41: 0 | S41: 0 | T41: 0 | U41: 0 | V41: 0 | W41: 0 | X41: 0 | Y41: 0 | Z41: 0 | AA41: 0 | AB41: 1 | AC41: 0 | AD41: 135000 | AE41: 0 | AF41: 0 | AG41: 0 | AH41: 0 | AI41: 0 | AJ41: 0 | AK41: 0 | AL41: 0 | AM41: 0 | AN41: 0 | AO41: 0 | AP41: 0 | AQ41: 0 | AR41: 0 | AS41: 0 | AT41: 0 | AU41: 0 | AV41: 0 | AW41: 0 | AX41: 0 | AY41: 0 | AZ41: 0 | BA41: 0 | BB41: 135000 | BC41: 0 | BD41: 135000
A42: -6 | B42: Multifunction Installation Tester | C42: 150000 | D42: 0 | E42: 0 | F42: 0 | G42: 0 | H42: 1 | I42: 0 | J42: 0 | K42: 0 | L42: 0 | M42: 0 | N42: 1 | O42: 0 | P42: 0 | Q42: 0 | R42: 0 | S42: 0 | T42: 0 | U42: 0 | V42: 0 | W42: 0 | X42: 0 | Y42: 0 | Z42: 0 | AA42: 0 | AB42: 2 | AC42: 0 | AD42: 0 | AE42: 0 | AF42: 0 | AG42: 0 | AH42: 150000 | AI42: 0 | AJ42: 0 | AK42: 0 | AL42: 0 | AM42: 0 | AN42: 150000 | AO42: 0 | AP42: 0 | AQ42: 0 | AR42: 0 | AS42: 0 | AT42: 0 | AU42: 0 | AV42: 0 | AW42: 0 | AX42: 0 | AY42: 0 | AZ42: 0 | BA42: 0 | BB42: 300000 | BC42: 0 | BD42: 300000
A43: -7 | B43: เครื่องมือช่างสำหรับงานบำรุงรักษาระบบควบคุมในสถานีไฟฟ้า | C43: 165000 | D43: 0 | E43: 0 | F43: 0 | G43: 0 | H43: 0 | I43: 0 | J43: 0 | K43: 0 | L43: 0 | M43: 0 | N43: 0 | O43: 0 | P43: 0 | Q43: 0 | R43: 0 | S43: 0 | T43: 0 | U43: 0 | V43: 0 | W43: 0 | X43: 0 | Y43: 0 | Z43: 0 | AA43: 0 | AB43: 0 | AC43: 0 | AD43: 0 | AE43: 0 | AF43: 0 | AG43: 0 | AH43: 0 | AI43: 0 | AJ43: 0 | AK43: 0 | AL43: 0 | AM43: 0 | AN43: 0 | AO43: 0 | AP43: 0 | AQ43: 0 | AR43: 0 | AS43: 0 | AT43: 0 | AU43: 0 | AV43: 0 | AW43: 0 | AX43: 0 | AY43: 0 | AZ43: 0 | BA43: 0 | BB43: 0 | BC43: 0 | BD43: 0
A44: -8 | B44: กล้องถ่ายภาพความร้อน ความละเอียด 160x120 Pixels (Thermal Imaging Camera) | C44: 165000 | D44: 0 | E44: 0 | F44: 0 | G44: 0 | H44: 0 | I44: 0 | J44: 0 | K44: 0 | L44: 0 | M44: 0 | N44: 0 | O44: 0 | P44: 0 | Q44: 0 | R44: 0 | S44: 0 | T44: 0 | U44: 0 | V44: 0 | W44: 0 | X44: 0 | Y44: 0 | Z44: 0 | AA44: 0 | AB44: 0 | AC44: 0 | AD44: 0 | AE44: 0 | AF44: 0 | AG44: 0 | AH44: 0 | AI44: 0 | AJ44: 0 | AK44: 0 | AL44: 0 | AM44: 0 | AN44: 0 | AO44: 0 | AP44: 0 | AQ44: 0 | AR44: 0 | AS44: 0 | AT44: 0 | AU44: 0 | AV44: 0 | AW44: 0 | AX44: 0 | AY44: 0 | AZ44: 0 | BA44: 0 | BB44: 0 | BC44: 0 | BD44: 0
A45: -9 | B45: เครื่องวัดกระแสไฟฟ้ารั่วไหล (Leakage Current) | C45: 170000 | D45: 1 | E45: 0 | F45: 0 | G45: 0 | H45: 0 | I45: 0 | J45: 0 | K45: 0 | L45: 0 | M45: 0 | N45: 1 | O45: 0 | P45: 0 | Q45: 0 | R45: 0 | S45: 1 | T45: 1 | U45: 0 | V45: 0 | W45: 0 | X45: 0 | Y45: 0 | Z45: 0 | AA45: 1 | AB45: 3 | AC45: 2 | AD45: 170000 | AE45: 0 | AF45: 0 | AG45: 0 | AH45: 0 | AI45: 0 | AJ45: 0 | AK45: 0 | AL45: 0 | AM45: 0 | AN45: 170000 | AO45: 0 | AP45: 0 | AQ45: 0 | AR45: 0 | AS45: 170000 | AT45: 170000 | AU45: 0 | AV45: 0 | AW45: 0 | AX45: 0 | AY45: 0 | AZ45: 0 | BA45: 170000 | BB45: 510000 | BC45: 340000 | BD45: 850000
A46: -10 | B46: เครื่องวัดความต้านทานฉนวน ขนาด 5 kV DC (Insulation Resistance Tester) | C46: 190000 | D46: 1 | E46: 0 | F46: 0 | G46: 0 | H46: 0 | I46: 0 | J46: 0 | K46: 0 | L46: 0 | M46: 0 | N46: 0 | O46: 0 | P46: 0 | Q46: 0 | R46: 0 | S46: 0 | T46: 0 | U46: 0 | V46: 0 | W46: 0 | X46: 0 | Y46: 0 | Z46: 0 | AA46: 0 | AB46: 1 | AC46: 0 | AD46: 190000 | AE46: 0 | AF46: 0 | AG46: 0 | AH46: 0 | AI46: 0 | AJ46: 0 | AK46: 0 | AL46: 0 | AM46: 0 | AN46: 0 | AO46: 0 | AP46: 0 | AQ46: 0 | AR46: 0 | AS46: 0 | AT46: 0 | AU46: 0 | AV46: 0 | AW46: 0 | AX46: 0 | AY46: 0 | AZ46: 0 | BA46: 0 | BB46: 190000 | BC46: 0 | BD46: 190000
A47: -11 | B47: Digital Power Meter 1, 3 Phase | C47: 200000 | D47: 0 | E47: 0 | F47: 0 | G47: 0 | H47: 0 | I47: 0 | J47: 0 | K47: 0 | L47: 0 | M47: 0 | N47: 0 | O47: 0 | P47: 0 | Q47: 0 | R47: 0 | S47: 0 | T47: 0 | U47: 0 | V47: 0 | W47: 0 | X47: 0 | Y47: 0 | Z47: 0 | AA47: 0 | AB47: 0 | AC47: 0 | AD47: 0 | AE47: 0 | AF47: 0 | AG47: 0 | AH47: 0 | AI47: 0 | AJ47: 0 | AK47: 0 | AL47: 0 | AM47: 0 | AN47: 0 | AO47: 0 | AP47: 0 | AQ47: 0 | AR47: 0 | AS47: 0 | AT47: 0 | AU47: 0 | AV47: 0 | AW47: 0 | AX47: 0 | AY47: 0 | AZ47: 0 | BA47: 0 | BB47: 0 | BC47: 0 | BD47: 0
A48: -12 | B48: เครื่องทดสอบแบตแตอรี่ (Battery Analyzer) | C48: 210000 | D48: 0 | E48: 0 | F48: 0 | G48: 0 | H48: 0 | I48: 0 | J48: 0 | K48: 0 | L48: 0 | M48: 0 | N48: 0 | O48: 0 | P48: 0 | Q48: 0 | R48: 0 | S48: 0 | T48: 0 | U48: 0 | V48: 0 | W48: 0 | X48: 0 | Y48: 0 | Z48: 0 | AA48: 0 | AB48: 0 | AC48: 0 | AD48: 0 | AE48: 0 | AF48: 0 | AG48: 0 | AH48: 0 | AI48: 0 | AJ48: 0 | AK48: 0 | AL48: 0 | AM48: 0 | AN48: 0 | AO48: 0 | AP48: 0 | AQ48: 0 | AR48: 0 | AS48: 0 | AT48: 0 | AU48: 0 | AV48: 0 | AW48: 0 | AX48: 0 | AY48: 0 | AZ48: 0 | BA48: 0 | BB48: 0 | BC48: 0 | BD48: 0
... A84: -48 | B84: Transformer Analyzer | C84: 4500000 | D84: 0 | E84: 0 | F84: 0 | G84: 0 | H84: 0 | I84: 0 | J84: 0 | K84: 0 | L84: 0 | M84: 0 | N84: 0 | O84: 0 | P84: 0 | Q84: 0 | R84: 0 | S84: 0 | T84: 1 | U84: 0 | V84: 0 | W84: 0 | X84: 0 | Y84: 0 | Z84: 0 | AA84: 0 | AB84: 1 | AC84: 0 | AD84: 0 | AE84: 0 | AF84: 0 | AG84: 0 | AH84: 0 | AI84: 0 | AJ84: 0 | AK84: 0 | AL84: 0 | AM84: 0 | AN84: 0 | AO84: 0 | AP84: 0 | AQ84: 0 | AR84: 0 | AS84: 0 | AT84: 4500000 | AU84: 0 | AV84: 0 | AW84: 0 | AX84: 0 | AY84: 0 | AZ84: 0 | BA84: 0 | BB84: 4500000 | BC84: 0 | BD84: 4500000
B85: รวมกลุ่มที่ 2 กลุ่มงานบำรุงรักษาสถานีไฟฟ้า [จำนวน 48 รายการ] | D85: 20 | E85: 0 | F85: 1 | G85: 1 | H85: 7 | I85: 0 | J85: 4 | K85: 0 | L85: 0 | M85: 1 | N85: 10 | O85: 4 | P85: 0 | Q85: 0 | R85: 2 | S85: 6 | T85: 7 | U85: 0 | V85: 0 | W85: 0 | X85: 4 | Y85: 0 | Z85: 3 | AA85: 1 | AB85: 58 | AC85: 13 | AD85: 15095000 | AE85: 0 | AF85: 400000 | AG85: 350000 | AH85: 7820000 | AI85: 0 | AJ85: 3005000 | AK85: 0 | AL85: 0 | AM85: 2250000 | AN85: 6570000 | AO85: 1040000 | AP85: 0 | AQ85: 0 | AR85: 2340000 | AS85: 6810000 | AT85: 8385000 | AU85: 0 | AV85: 0 | AW85: 0 | AX85: 5200000 | AY85: 0 | AZ85: 2465000 | BA85: 170000 | BB85: 51280000 | BC85: 10620000 | BD85: 61900000
A86: 3 | B86: กลุ่มงานบำรุงรักษาระบบไฟฟ้า
A87: -1 | B87: ชุดเครื่องมือสำหรับงานตรวจสอบระบบไฟฟ้า (Patrol) (จำนวน 4 รายการ) | C87: 110000 | D87: 0 | E87: 0 | F87: 0 | G87: 0 | H87: 0 | I87: 0 | J87: 0 | K87: 0 | L87: 0 | M87: 0 | N87: 0 | O87: 0 | P87: 0 | Q87: 0 | R87: 0 | S87: 0 | T87: 0 | U87: 0 | V87: 0 | W87: 0 | X87: 0 | Y87: 0 | Z87: 0 | AA87: 0 | AB87: 0 | AC87: 0 | AD87: 0 | AE87: 0 | AF87: 0 | AG87: 0 | AH87: 0 | AI87: 0 | AJ87: 0 | AK87: 0 | AL87: 0 | AM87: 0 | AN87: 0 | AO87: 0 | AP87: 0 | AQ87: 0 | AR87: 0 | AS87: 0 | AT87: 0 | AU87: 0 | AV87: 0 | AW87: 0 | AX87: 0 | AY87: 0 | AZ87: 0 | BA87: 0 | BB87: 0 | BC87: 0 | BD87: 0
A88: -2 | B88: ชุดเครื่องมือสำหรับงานเชื่อมและซ่อมแซมก๊าซรั่วของ RCS [สำหรับโรงซ่อม] (จำนวน 8 รายการ) | C88: 340000 | D88: 0 | E88: 0 | F88: 0 | G88: 0 | H88: 0 | I88: 0 | J88: 0 | K88: 0 | L88: 0 | M88: 0 | N88: 1 | O88: 1 | P88: 0 | Q88: 0 | R88: 0 | S88: 0 | T88: 0 | U88: 0 | V88: 0 | W88: 0 | X88: 0 | Y88: 0 | Z88: 0 | AA88: 0 | AB88: 1 | AC88: 1 | AD88: 0 | AE88: 0 | AF88: 0 | AG88: 0 | AH88: 0 | AI88: 0 | AJ88: 0 | AK88: 0 | AL88: 0 | AM88: 0 | AN88: 340000 | AO88: 340000 | AP88: 0 | AQ88: 0 | AR88: 0 | AS88: 0 | AT88: 0 | AU88: 0 | AV88: 0 | AW88: 0 | AX88: 0 | AY88: 0 | AZ88: 0 | BA88: 0 | BB88: 340000 | BC88: 340000 | BD88: 680000
A89: -3 | B89: ชุดเครื่องมือสำหรับงานบำรุงรักษาอุปกรณ์ Field Device ของ FRTU (จำนวน 9 รายการ) | C89: 450000 | D89: 0 | E89: 0 | F89: 0 | G89: 0 | H89: 0 | I89: 0 | J89: 0 | K89: 0 | L89: 0 | M89: 0 | N89: 1 | O89: 1 | P89: 0 | Q89: 0 | R89: 1 | S89: 0 | T89: 0 | U89: 0 | V89: 0 | W89: 0 | X89: 0 | Y89: 0 | Z89: 0 | AA89: 0 | AB89: 2 | AC89: 1 | AD89: 0 | AE89: 0 | AF89: 0 | AG89: 0 | AH89: 0 | AI89: 0 | AJ89: 0 | AK89: 0 | AL89: 0 | AM89: 0 | AN89: 450000 | AO89: 450000 | AP89: 0 | AQ89: 0 | AR89: 450000 | AS89: 0 | AT89: 0 | AU89: 0 | AV89: 0 | AW89: 0 | AX89: 0 | AY89: 0 | AZ89: 0 | BA89: 0 | BB89: 900000 | BC89: 450000 | BD89: 1350000
A90: -4 | B90: ชุดเครื่องมือสำหรับงานบำรุงรักษาเคเบิลใต้ดิน 115 kV (จำนวน 19 รายการ) | C90: 1125000 | D90: 0 | E90: 0 | F90: 0 | G90: 0 | H90: 0 | I90: 0 | J90: 0 | K90: 0 | L90: 0 | M90: 0 | N90: 0 | O90: 0 | P90: 0 | Q90: 0 | R90: 0 | S90: 0 | T90: 0 | U90: 0 | V90: 0 | W90: 0 | X90: 0 | Y90: 0 | Z90: 1 | AA90: 0 | AB90: 1 | AC90: 0 | AD90: 0 | AE90: 0 | AF90: 0 | AG90: 0 | AH90: 0 | AI90: 0 | AJ90: 0 | AK90: 0 | AL90: 0 | AM90: 0 | AN90: 0 | AO90: 0 | AP90: 0 | AQ90: 0 | AR90: 0 | AS90: 0 | AT90: 0 | AU90: 0 | AV90: 0 | AW90: 0 | AX90: 0 | AY90: 0 | AZ90: 1125000 | BA90: 0 | BB90: 1125000 | BC90: 0 | BD90: 1125000
A91: -5 | B91: ชุดเครื่องมือสำหรับงานก่อสร้างเคเบิลใต้ดิน 115 kV [งานไฟฟ้า] (จำนวน 34 รายการ) | C91: 3600000 | D91: 0 | E91: 0 | F91: 0 | G91: 0 | H91: 0 | I91: 0 | J91: 0 | K91: 0 | L91: 0 | M91: 0 | N91: 0 | O91: 0 | P91: 0 | Q91: 0 | R91: 0 | S91: 0 | T91: 0 | U91: 0 | V91: 0 | W91: 0 | X91: 0 | Y91: 0 | Z91: 0 | AA91: 0 | AB91: 0 | AC91: 0 | AD91: 0 | AE91: 0 | AF91: 0 | AG91: 0 | AH91: 0 | AI91: 0 | AJ91: 0 | AK91: 0 | AL91: 0 | AM91: 0 | AN91: 0 | AO91: 0 | AP91: 0 | AQ91: 0 | AR91: 0 | AS91: 0 | AT91: 0 | AU91: 0 | AV91: 0 | AW91: 0 | AX91: 0 | AY91: 0 | AZ91: 0 | BA91: 0 | BB91: 0 | BC91: 0 | BD91: 0
A92: -6 | B92: Simmulator Box Test | C92: 120000 | D92: 0 | E92: 0 | F92: 0 | G92: 1 | H92: 0 | I92: 1 | J92: 0 | K92: 0 | L92: 1 | M92: 0 | N92: 1 | O92: 1 | P92: 0 | Q92: 0 | R92: 1 | S92: 0 | T92: 0 | U92: 0 | V92: 0 | W92: 0 | X92: 1 | Y92: 0 | Z92: 2 | AA92: 0 | AB92: 6 | AC92: 3 | AD92: 0 | AE92: 0 | AF92: 0 | AG92: 120000 | AH92: 0 | AI92: 120000 | AJ92: 0 | AK92: 0 | AL92: 120000 | AM92: 0 | AN92: 120000 | AO92: 120000 | AP92: 0 | AQ92: 0 | AR92: 120000 | AS92: 0 | AT92: 0 | AU92: 0 | AV92: 0 | AW92: 0 | AX92: 120000 | AY92: 0 | AZ92: 240000 | BA92: 0 | BB92: 720000 | BC92: 360000 | BD92: 1080000
A93: -7 | B93: เครื่องกำเนิดไฟฟ้า ชนิดดีเซล 1 Phase 10 kW | C93: 150000 | D93: 0 | E93: 0 | F93: 0 | G93: 0 | H93: 0 | I93: 0 | J93: 0 | K93: 0 | L93: 0 | M93: 0 | N93: 0 | O93: 0 | P93: 0 | Q93: 0 | R93: 0 | S93: 0 | T93: 0 | U93: 0 | V93: 0 | W93: 0 | X93: 0 | Y93: 0 | Z93: 0 | AA93: 0 | AB93: 0 | AC93: 0 | AD93: 0 | AE93: 0 | AF93: 0 | AG93: 0 | AH93: 0 | AI93: 0 | AJ93: 0 | AK93: 0 | AL93: 0 | AM93: 0 | AN93: 0 | AO93: 0 | AP93: 0 | AQ93: 0 | AR93: 0 | AS93: 0 | AT93: 0 | AU93: 0 | AV93: 0 | AW93: 0 | AX93: 0 | AY93: 0 | AZ93: 0 | BA93: 0 | BB93: 0 | BC93: 0 | BD93: 0
A94: -8 | B94: เครื่องวัดความต้านทานฉนวน ขนาด 5 kV DC (Insulation Resistance Tester) | C94: 190000 | D94: 1 | E94: 0 | F94: 0 | G94: 0 | H94: 0 | I94: 0 | J94: 0 | K94: 0 | L94: 0 | M94: 0 | N94: 0 | O94: 0 | P94: 0 | Q94: 0 | R94: 0 | S94: 0 | T94: 0 | U94: 0 | V94: 0 | W94: 0 | X94: 0 | Y94: 0 | Z94: 0 | AA94: 0 | AB94: 1 | AC94: 0 | AD94: 190000 | AE94: 0 | AF94: 0 | AG94: 0 | AH94: 0 | AI94: 0 | AJ94: 0 | AK94: 0 | AL94: 0 | AM94: 0 | AN94: 0 | AO94: 0 | AP94: 0 | AQ94: 0 | AR94: 0 | AS94: 0 | AT94: 0 | AU94: 0 | AV94: 0 | AW94: 0 | AX94: 0 | AY94: 0 | AZ94: 0 | BA94: 0 | BB94: 190000 | BC94: 0 | BD94: 190000
A95: -9 | B95: เครื่องทดสอบแบตแตอรี่ (Battery Analyzer) | C95: 210000 | D95: 0 | E95: 0 | F95: 0 | G95: 0 | H95: 0 | I95: 0 | J95: 0 | K95: 0 | L95: 0 | M95: 0 | N95: 0 | O95: 0 | P95: 0 | Q95: 0 | R95: 0 | S95: 0 | T95: 0 | U95: 0 | V95: 0 | W95: 0 | X95: 0 | Y95: 0 | Z95: 0 | AA95: 0 | AB95: 0 | AC95: 0 | AD95: 0 | AE95: 0 | AF95: 0 | AG95: 0 | AH95: 0 | AI95: 0 | AJ95: 0 | AK95: 0 | AL95: 0 | AM95: 0 | AN95: 0 | AO95: 0 | AP95: 0 | AQ95: 0 | AR95: 0 | AS95: 0 | AT95: 0 | AU95: 0 | AV95: 0 | AW95: 0 | AX95: 0 | AY95: 0 | AZ95: 0 | BA95: 0 | BB95: 0 | BC95: 0 | BD95: 0
A96: -10 | B96: เครื่องวัดความต้านทานดิน ชนิด 4 แท่ง แบบดิจิทัล (Earth Resistance Tester) | C96: 220000 | D96: 1 | E96: 0 | F96: 0 | G96: 0 | H96: 0 | I96: 0 | J96: 0 | K96: 0 | L96: 0 | M96: 0 | N96: 0 | O96: 0 | P96: 0 | Q96: 0 | R96: 0 | S96: 0 | T96: 0 | U96: 0 | V96: 0 | W96: 0 | X96: 0 | Y96: 0 | Z96: 0 | AA96: 0 | AB96: 1 | AC96: 0 | AD96: 220000 | AE96: 0 | AF96: 0 | AG96: 0 | AH96: 0 | AI96: 0 | AJ96: 0 | AK96: 0 | AL96: 0 | AM96: 0 | AN96: 0 | AO96: 0 | AP96: 0 | AQ96: 0 | AR96: 0 | AS96: 0 | AT96: 0 | AU96: 0 | AV96: 0 | AW96: 0 | AX96: 0 | AY96: 0 | AZ96: 0 | BA96: 0 | BB96: 220000 | BC96: 0 | BD96: 220000
A97: -11 | B97: เครื่องวัดความต้านทานหน้าสัมผัส ขนาด 10 A แบบพกพา (Micro-Ohm Meter) | C97: 225000 | D97: 3 | E97: 1 | F97: 0 | G97: 1 | H97: 0 | I97: 0 | J97: 0 | K97: 0 | L97: 0 | M97: 0 | N97: 1 | O97: 1 | P97: 0 | Q97: 0 | R97: 0 | S97: 0 | T97: 1 | U97: 0 | V97: 0 | W97: 0 | X97: 0 | Y97: 0 | Z97: 1 | AA97: 0 | AB97: 6 | AC97: 3 | AD97: 675000 | AE97: 225000 | AF97: 0 | AG97: 225000 | AH97: 0 | AI97: 0 | AJ97: 0 | AK97: 0 | AL97: 0 | AM97: 0 | AN97: 225000 | AO97: 225000 | AP97: 0 | AQ97: 0 | AR97: 0 | AS97: 0 | AT97: 225000 | AU97: 0 | AV97: 0 | AW97: 0 | AX97: 0 | AY97: 0 | AZ97: 225000 | BA97: 0 | BB97: 1350000 | BC97: 675000 | BD97: 2025000
A98: -12 | B98: อากาศยานไร้คนขับติดกล้อง/กล้องถ่ายภาพความร้อนขนาดเล็ก (Drone with Thermal Imaging Camera Type I) | C98: 250000 | D98: 0 | E98: 0 | F98: 0 | G98: 0 | H98: 0 | I98: 0 | J98: 0 | K98: 0 | L98: 0 | M98: 0 | N98: 0 | O98: 0 | P98: 0 | Q98: 0 | R98: 0 | S98: 0 | T98: 0 | U98: 0 | V98: 0 | W98: 0 | X98: 0 | Y98: 0 | Z98: 0 | AA98: 1 | AB98: 0 | AC98: 1 | AD98: 0 | AE98: 0 | AF98: 0 | AG98: 0 | AH98: 0 | AI98: 0 | AJ98: 0 | AK98: 0 | AL98: 0 | AM98: 0 | AN98: 0 | AO98: 0 | AP98: 0 | AQ98: 0 | AR98: 0 | AS98: 0 | AT98: 0 | AU98: 0 | AV98: 0 | AW98: 0 | AX98: 0 | AY98: 0 | AZ98: 0 | BA98: 250000 | BB98: 0 | BC98: 250000 | BD98: 250000
... A129: -43 | B129: OWTS 60 kV with Test Van | C129: 11000000 | D129: 0 | E129: 0 | F129: 0 | G129: 0 | H129: 0 | I129: 0 | J129: 0 | K129: 0 | L129: 0 | M129: 0 | N129: 0 | O129: 0 | P129: 0 | Q129: 0 | R129: 0 | S129: 0 | T129: 0 | U129: 0 | V129: 0 | W129: 0 | X129: 0 | Y129: 0 | Z129: 0 | AA129: 0 | AB129: 0 | AC129: 0 | AD129: 0 | AE129: 0 | AF129: 0 | AG129: 0 | AH129: 0 | AI129: 0 | AJ129: 0 | AK129: 0 | AL129: 0 | AM129: 0 | AN129: 0 | AO129: 0 | AP129: 0 | AQ129: 0 | AR129: 0 | AS129: 0 | AT129: 0 | AU129: 0 | AV129: 0 | AW129: 0 | AX129: 0 | AY129: 0 | AZ129: 0 | BA129: 0 | BB129: 0 | BC129: 0 | BD129: 0
B130: รวมกลุ่มที่ 3 กลุ่มงานบำรุงรักษาระบบไฟฟ้า [จำนวน 43 รายการ] | D130: 6 | E130: 2 | F130: 1 | G130: 3 | H130: 2 | I130: 1 | J130: 1 | K130: 0 | L130: 12 | M130: 0 | N130: 15 | O130: 8 | P130: 1 | Q130: 0 | R130: 3 | S130: 0 | T130: 8 | U130: 0 | V130: 1 | W130: 0 | X130: 3 | Y130: 0 | Z130: 8 | AA130: 1 | AB130: 61 | AC130: 15 | AD130: 2685000 | AE130: 625000 | AF130: 1600000 | AG130: 745000 | AH130: 1920000 | AI130: 120000 | AJ130: 1600000 | AK130: 0 | AL130: 12290000 | AM130: 0 | AN130: 6815000 | AO130: 5395000 | AP130: 1600000 | AQ130: 0 | AR130: 2170000 | AS130: 0 | AT130: 8025000 | AU130: 0 | AV130: 1600000 | AW130: 0 | AX130: 2040000 | AY130: 0 | AZ130: 5240000 | BA130: 250000 | BB130: 47585000 | BC130: 7135000 | BD130: 54720000
A131: 4 | B131: กลุ่มงานก่อสร้างและทดสอบในสถานีไฟฟ้าและระบบไฟฟ้า
A132: -1 | B132: ชุดเครื่องมือสำหรับงานเดินสายในสถานีไฟฟ้า (จำนวน 2 รายการ) | C132: 120000 | D132: 0 | E132: 0 | F132: 0 | G132: 0 | H132: 0 | I132: 0 | J132: 0 | K132: 0 | L132: 0 | M132: 0 | N132: 0 | O132: 0 | P132: 0 | Q132: 0 | R132: 0 | S132: 0 | T132: 0 | U132: 0 | V132: 0 | W132: 0 | X132: 0 | Y132: 0 | Z132: 0 | AA132: 0 | AB132: 0 | AC132: 0 | AD132: 0 | AE132: 0 | AF132: 0 | AG132: 0 | AH132: 0 | AI132: 0 | AJ132: 0 | AK132: 0 | AL132: 0 | AM132: 0 | AN132: 0 | AO132: 0 | AP132: 0 | AQ132: 0 | AR132: 0 | AS132: 0 | AT132: 0 | AU132: 0 | AV132: 0 | AW132: 0 | AX132: 0 | AY132: 0 | AZ132: 0 | BA132: 0 | BB132: 0 | BC132: 0 | BD132: 0
A133: -2 | B133: ชุดเครื่องมือสำหรับงานก่อสร้างสายส่ง 115 kV แบบเหล็กฐานหล่อเสา (จำนวน 2 รายการ) | C133: 250000 | D133: 0 | E133: 0 | F133: 0 | G133: 0 | H133: 0 | I133: 0 | J133: 0 | K133: 0 | L133: 0 | M133: 0 | N133: 0 | O133: 0 | P133: 0 | Q133: 0 | R133: 0 | S133: 0 | T133: 0 | U133: 0 | V133: 0 | W133: 0 | X133: 0 | Y133: 0 | Z133: 0 | AA133: 0 | AB133: 0 | AC133: 0 | AD133: 0 | AE133: 0 | AF133: 0 | AG133: 0 | AH133: 0 | AI133: 0 | AJ133: 0 | AK133: 0 | AL133: 0 | AM133: 0 | AN133: 0 | AO133: 0 | AP133: 0 | AQ133: 0 | AR133: 0 | AS133: 0 | AT133: 0 | AU133: 0 | AV133: 0 | AW133: 0 | AX133: 0 | AY133: 0 | AZ133: 0 | BA133: 0 | BB133: 0 | BC133: 0 | BD133: 0
A134: -3 | B134: ชุดเครื่องมือสำหรับงานติดตั้งอุปกรณ์ในสถานีไฟฟ้า (จำนวน 4 รายการ) | C134: 250000 | D134: 0 | E134: 0 | F134: 0 | G134: 0 | H134: 0 | I134: 0 | J134: 0 | K134: 0 | L134: 0 | M134: 0 | N134: 0 | O134: 0 | P134: 0 | Q134: 0 | R134: 0 | S134: 0 | T134: 0 | U134: 0 | V134: 0 | W134: 0 | X134: 0 | Y134: 0 | Z134: 0 | AA134: 0 | AB134: 0 | AC134: 0 | AD134: 0 | AE134: 0 | AF134: 0 | AG134: 0 | AH134: 0 | AI134: 0 | AJ134: 0 | AK134: 0 | AL134: 0 | AM134: 0 | AN134: 0 | AO134: 0 | AP134: 0 | AQ134: 0 | AR134: 0 | AS134: 0 | AT134: 0 | AU134: 0 | AV134: 0 | AW134: 0 | AX134: 0 | AY134: 0 | AZ134: 0 | BA134: 0 | BB134: 0 | BC134: 0 | BD134: 0
A135: -4 | B135: ชุดเครื่องมือสำหรับงานก่อสร้างและทดสอบสถานีไฟฟ้า (จำนวน 25 รายการ) | C135: 1000000 | D135: 0 | E135: 0 | F135: 0 | G135: 0 | H135: 0 | I135: 0 | J135: 0 | K135: 0 | L135: 0 | M135: 0 | N135: 0 | O135: 0 | P135: 0 | Q135: 0 | R135: 0 | S135: 0 | T135: 0 | U135: 0 | V135: 0 | W135: 0 | X135: 0 | Y135: 0 | Z135: 0 | AA135: 0 | AB135: 0 | AC135: 0 | AD135: 0 | AE135: 0 | AF135: 0 | AG135: 0 | AH135: 0 | AI135: 0 | AJ135: 0 | AK135: 0 | AL135: 0 | AM135: 0 | AN135: 0 | AO135: 0 | AP135: 0 | AQ135: 0 | AR135: 0 | AS135: 0 | AT135: 0 | AU135: 0 | AV135: 0 | AW135: 0 | AX135: 0 | AY135: 0 | AZ135: 0 | BA135: 0 | BB135: 0 | BC135: 0 | BD135: 0
A136: -5 | B136: ชุดเครื่องมือสำหรับงานก่อสร้างสายส่ง 115 kV [งานโยธา] (จำนวน 21 รายการ) | C136: 1200000 | D136: 4 | E136: 0 | F136: 0 | G136: 0 | H136: 0 | I136: 0 | J136: 1 | K136: 0 | L136: 0 | M136: 0 | N136: 0 | O136: 0 | P136: 0 | Q136: 0 | R136: 0 | S136: 0 | T136: 0 | U136: 0 | V136: 0 | W136: 0 | X136: 0 | Y136: 0 | Z136: 0 | AA136: 0 | AB136: 5 | AC136: 0 | AD136: 4800000 | AE136: 0 | AF136: 0 | AG136: 0 | AH136: 0 | AI136: 0 | AJ136: 1200000 | AK136: 0 | AL136: 0 | AM136: 0 | AN136: 0 | AO136: 0 | AP136: 0 | AQ136: 0 | AR136: 0 | AS136: 0 | AT136: 0 | AU136: 0 | AV136: 0 | AW136: 0 | AX136: 0 | AY136: 0 | AZ136: 0 | BA136: 0 | BB136: 6000000 | BC136: 0 | BD136: 6000000
A137: -6 | B137: ชุดเครื่องมือสำหรับงานก่อสร้างสายส่ง 115 kV [งานไฟฟ้า] (จำนวน 24 รายการ) | C137: 2900000 | D137: 4 | E137: 0 | F137: 0 | G137: 0 | H137: 0 | I137: 0 | J137: 1 | K137: 0 | L137: 0 | M137: 0 | N137: 0 | O137: 0 | P137: 0 | Q137: 0 | R137: 2 | S137: 0 | T137: 0 | U137: 0 | V137: 0 | W137: 0 | X137: 0 | Y137: 0 | Z137: 0 | AA137: 0 | AB137: 7 | AC137: 0 | AD137: 11600000 | AE137: 0 | AF137: 0 | AG137: 0 | AH137: 0 | AI137: 0 | AJ137: 2900000 | AK137: 0 | AL137: 0 | AM137: 0 | AN137: 0 | AO137: 0 | AP137: 0 | AQ137: 0 | AR137: 5800000 | AS137: 0 | AT137: 0 | AU137: 0 | AV137: 0 | AW137: 0 | AX137: 0 | AY137: 0 | AZ137: 0 | BA137: 0 | BB137: 20300000 | BC137: 0 | BD137: 20300000
A138: -7 | B138: ชุดเครื่องมือสำหรับงานก่อสร้างเคเบิลใต้ดิน 115 kV [งานไฟฟ้า] (จำนวน 34 รายการ) | C138: 3600000 | D138: 0 | E138: 0 | F138: 0 | G138: 0 | H138: 0 | I138: 0 | J138: 0 | K138: 0 | L138: 0 | M138: 0 | N138: 0 | O138: 0 | P138: 0 | Q138: 0 | R138: 2 | S138: 0 | T138: 0 | U138: 0 | V138: 0 | W138: 0 | X138: 0 | Y138: 0 | Z138: 0 | AA138: 0 | AB138: 2 | AC138: 0 | AD138: 0 | AE138: 0 | AF138: 0 | AG138: 0 | AH138: 0 | AI138: 0 | AJ138: 0 | AK138: 0 | AL138: 0 | AM138: 0 | AN138: 0 | AO138: 0 | AP138: 0 | AQ138: 0 | AR138: 7200000 | AS138: 0 | AT138: 0 | AU138: 0 | AV138: 0 | AW138: 0 | AX138: 0 | AY138: 0 | AZ138: 0 | BA138: 0 | BB138: 7200000 | BC138: 0 | BD138: 7200000
A139: -8 | B139: ชุดสว่านแม่เหล็ก | C139: 100000 | D139: 0 | E139: 0 | F139: 0 | G139: 0 | H139: 0 | I139: 0 | J139: 0 | K139: 0 | L139: 0 | M139: 0 | N139: 0 | O139: 0 | P139: 0 | Q139: 0 | R139: 0 | S139: 0 | T139: 0 | U139: 0 | V139: 0 | W139: 0 | X139: 0 | Y139: 0 | Z139: 0 | AA139: 0 | AB139: 0 | AC139: 0 | AD139: 0 | AE139: 0 | AF139: 0 | AG139: 0 | AH139: 0 | AI139: 0 | AJ139: 0 | AK139: 0 | AL139: 0 | AM139: 0 | AN139: 0 | AO139: 0 | AP139: 0 | AQ139: 0 | AR139: 0 | AS139: 0 | AT139: 0 | AU139: 0 | AV139: 0 | AW139: 0 | AX139: 0 | AY139: 0 | AZ139: 0 | BA139: 0 | BB139: 0 | BC139: 0 | BD139: 0
A140: -9 | B140: เครื่องกำเนิดไฟฟ้า ชนิดดีเซล 1 Phase 10 kW | C140: 150000 | D140: 0 | E140: 0 | F140: 0 | G140: 0 | H140: 0 | I140: 0 | J140: 0 | K140: 0 | L140: 0 | M140: 0 | N140: 0 | O140: 0 | P140: 0 | Q140: 0 | R140: 0 | S140: 0 | T140: 0 | U140: 0 | V140: 0 | W140: 0 | X140: 0 | Y140: 0 | Z140: 0 | AA140: 0 | AB140: 0 | AC140: 0 | AD140: 0 | AE140: 0 | AF140: 0 | AG140: 0 | AH140: 0 | AI140: 0 | AJ140: 0 | AK140: 0 | AL140: 0 | AM140: 0 | AN140: 0 | AO140: 0 | AP140: 0 | AQ140: 0 | AR140: 0 | AS140: 0 | AT140: 0 | AU140: 0 | AV140: 0 | AW140: 0 | AX140: 0 | AY140: 0 | AZ140: 0 | BA140: 0 | BB140: 0 | BC140: 0 | BD140: 0
A141: -10 | B141: เครื่องมือบีบหลอดต่อสาย (Hydraulic Compression Tools) | C141: 180000 | D141: 0 | E141: 0 | F141: 0 | G141: 0 | H141: 0 | I141: 0 | J141: 0 | K141: 0 | L141: 0 | M141: 0 | N141: 0 | O141: 0 | P141: 0 | Q141: 0 | R141: 0 | S141: 0 | T141: 0 | U141: 0 | V141: 0 | W141: 0 | X141: 0 | Y141: 0 | Z141: 0 | AA141: 0 | AB141: 0 | AC141: 0 | AD141: 0 | AE141: 0 | AF141: 0 | AG141: 0 | AH141: 0 | AI141: 0 | AJ141: 0 | AK141: 0 | AL141: 0 | AM141: 0 | AN141: 0 | AO141: 0 | AP141: 0 | AQ141: 0 | AR141: 0 | AS141: 0 | AT141: 0 | AU141: 0 | AV141: 0 | AW141: 0 | AX141: 0 | AY141: 0 | AZ141: 0 | BA141: 0 | BB141: 0 | BC141: 0 | BD141: 0
A142: -11 | B142: เครื่องวัดความต้านทานฉนวน ขนาด 5 kV DC (Insulation Resistance Tester) | C142: 190000 | D142: 0 | E142: 0 | F142: 0 | G142: 0 | H142: 0 | I142: 0 | J142: 0 | K142: 0 | L142: 0 | M142: 0 | N142: 0 | O142: 0 | P142: 0 | Q142: 0 | R142: 0 | S142: 0 | T142: 0 | U142: 0 | V142: 0 | W142: 0 | X142: 0 | Y142: 0 | Z142: 0 | AA142: 0 | AB142: 0 | AC142: 0 | AD142: 0 | AE142: 0 | AF142: 0 | AG142: 0 | AH142: 0 | AI142: 0 | AJ142: 0 | AK142: 0 | AL142: 0 | AM142: 0 | AN142: 0 | AO142: 0 | AP142: 0 | AQ142: 0 | AR142: 0 | AS142: 0 | AT142: 0 | AU142: 0 | AV142: 0 | AW142: 0 | AX142: 0 | AY142: 0 | AZ142: 0 | BA142: 0 | BB142: 0 | BC142: 0 | BD142: 0
A143: -12 | B143: เครื่องมือกว้านลากสาย ขนาดไม่น้อยกว่า 4 ตัน ขับเคลื่อนด้วยเครื่องยนต์ | C143: 200000 | D143: 5 | E143: 0 | F143: 0 | G143: 0 | H143: 0 | I143: 0 | J143: 1 | K143: 0 | L143: 0 | M143: 0 | N143: 1 | O143: 0 | P143: 0 | Q143: 0 | R143: 1 | S143: 0 | T143: 0 | U143: 0 | V143: 0 | W143: 0 | X143: 0 | Y143: 0 | Z143: 0 | AA143: 0 | AB143: 8 | AC143: 0 | AD143: 1000000 | AE143: 0 | AF143: 0 | AG143: 0 | AH143: 0 | AI143: 0 | AJ143: 200000 | AK143: 0 | AL143: 0 | AM143: 0 | AN143: 200000 | AO143: 0 | AP143: 0 | AQ143: 0 | AR143: 200000 | AS143: 0 | AT143: 0 | AU143: 0 | AV143: 0 | AW143: 0 | AX143: 0 | AY143: 0 | AZ143: 0 | BA143: 0 | BB143: 1600000 | BC143: 0 | BD143: 1600000
... A160: -29 | B160: Multifunction Primary Test System with Tangent Delta | C160: 4400000 | D160: 0 | E160: 0 | F160: 0 | G160: 0 | H160: 0 | I160: 0 | J160: 0 | K160: 0 | L160: 0 | M160: 0 | N160: 0 | O160: 0 | P160: 0 | Q160: 0 | R160: 0 | S160: 0 | T160: 0 | U160: 0 | V160: 0 | W160: 0 | X160: 0 | Y160: 0 | Z160: 0 | AA160: 0 | AB160: 0 | AC160: 0 | AD160: 0 | AE160: 0 | AF160: 0 | AG160: 0 | AH160: 0 | AI160: 0 | AJ160: 0 | AK160: 0 | AL160: 0 | AM160: 0 | AN160: 0 | AO160: 0 | AP160: 0 | AQ160: 0 | AR160: 0 | AS160: 0 | AT160: 0 | AU160: 0 | AV160: 0 | AW160: 0 | AX160: 0 | AY160: 0 | AZ160: 0 | BA160: 0 | BB160: 0 | BC160: 0 | BD160: 0
B161: รวมกลุ่มที่ 4 กลุ่มงานก่อสร้างและทดสอบในสถานีไฟฟ้าและระบบไฟฟ้า [จำนวน 29 รายการ] | D161: 20 | E161: 0 | F161: 0 | G161: 0 | H161: 0 | I161: 0 | J161: 6 | K161: 0 | L161: 0 | M161: 0 | N161: 2 | O161: 0 | P161: 0 | Q161: 0 | R161: 6 | S161: 1 | T161: 0 | U161: 0 | V161: 0 | W161: 0 | X161: 0 | Y161: 0 | Z161: 0 | AA161: 0 | AB161: 34 | AC161: 1 | AD161: 20400000 | AE161: 0 | AF161: 0 | AG161: 0 | AH161: 0 | AI161: 0 | AJ161: 5280000 | AK161: 0 | AL161: 0 | AM161: 0 | AN161: 540000 | AO161: 0 | AP161: 0 | AQ161: 0 | AR161: 13500000 | AS161: 340000 | AT161: 0 | AU161: 0 | AV161: 0 | AW161: 0 | AX161: 0 | AY161: 0 | AZ161: 0 | BA161: 0 | BB161: 39720000 | BC161: 340000 | BD161: 40060000
A162: 5 | B162: กลุ่มงานทดสอบและตรวจสอบมาตรฐาน
A163: -1 | B163: ชุดเครื่องมือประจำห้องทดสอบทางไฟฟ้า (จำนวน 3 รายการ) | C163: 135000 | D163: 0 | E163: 0 | F163: 0 | G163: 0 | H163: 0 | I163: 0 | J163: 0 | K163: 0 | L163: 0 | M163: 0 | N163: 0 | O163: 0 | P163: 0 | Q163: 0 | R163: 1 | S163: 0 | T163: 0 | U163: 0 | V163: 0 | W163: 0 | X163: 0 | Y163: 0 | Z163: 0 | AA163: 0 | AB163: 1 | AC163: 0 | AD163: 0 | AE163: 0 | AF163: 0 | AG163: 0 | AH163: 0 | AI163: 0 | AJ163: 0 | AK163: 0 | AL163: 0 | AM163: 0 | AN163: 0 | AO163: 0 | AP163: 0 | AQ163: 0 | AR163: 135000 | AS163: 0 | AT163: 0 | AU163: 0 | AV163: 0 | AW163: 0 | AX163: 0 | AY163: 0 | AZ163: 0 | BA163: 0 | BB163: 135000 | BC163: 0 | BD163: 135000
A164: -2 | B164: ชุดเครื่องมือประจำห้องทดสอบทางกล (จำนวน 3 รายการ) | C164: 370000 | D164: 0 | E164: 0 | F164: 0 | G164: 0 | H164: 0 | I164: 0 | J164: 0 | K164: 0 | L164: 0 | M164: 0 | N164: 0 | O164: 0 | P164: 0 | Q164: 0 | R164: 1 | S164: 0 | T164: 0 | U164: 0 | V164: 0 | W164: 0 | X164: 0 | Y164: 0 | Z164: 0 | AA164: 0 | AB164: 1 | AC164: 0 | AD164: 0 | AE164: 0 | AF164: 0 | AG164: 0 | AH164: 0 | AI164: 0 | AJ164: 0 | AK164: 0 | AL164: 0 | AM164: 0 | AN164: 0 | AO164: 0 | AP164: 0 | AQ164: 0 | AR164: 370000 | AS164: 0 | AT164: 0 | AU164: 0 | AV164: 0 | AW164: 0 | AX164: 0 | AY164: 0 | AZ164: 0 | BA164: 0 | BB164: 370000 | BC164: 0 | BD164: 370000
A165: -3 | B165: อากาศยานไร้คนขับพร้อมกล้องถ่ายภาพ สำหรับตรวจสอบมาตรฐานระบบไฟฟ้า (Drone with Optical Zoom Camera) | C165: 100000 | D165: 1 | E165: 0 | F165: 0 | G165: 0 | H165: 0 | I165: 0 | J165: 0 | K165: 0 | L165: 0 | M165: 0 | N165: 0 | O165: 0 | P165: 0 | Q165: 0 | R165: 0 | S165: 0 | T165: 0 | U165: 0 | V165: 0 | W165: 0 | X165: 0 | Y165: 0 | Z165: 0 | AA165: 0 | AB165: 1 | AC165: 0 | AD165: 100000 | AE165: 0 | AF165: 0 | AG165: 0 | AH165: 0 | AI165: 0 | AJ165: 0 | AK165: 0 | AL165: 0 | AM165: 0 | AN165: 0 | AO165: 0 | AP165: 0 | AQ165: 0 | AR165: 0 | AS165: 0 | AT165: 0 | AU165: 0 | AV165: 0 | AW165: 0 | AX165: 0 | AY165: 0 | AZ165: 0 | BA165: 0 | BB165: 100000 | BC165: 0 | BD165: 100000
A166: -4 | B166: เครื่องมือตรวจสอบหลังการติดตั้งระบบอินเวอร์เตอร์ | C166: 110000 | D166: 0 | E166: 0 | F166: 0 | G166: 0 | H166: 0 | I166: 0 | J166: 0 | K166: 0 | L166: 0 | M166: 0 | N166: 0 | O166: 0 | P166: 0 | Q166: 0 | R166: 0 | S166: 0 | T166: 0 | U166: 0 | V166: 0 | W166: 0 | X166: 0 | Y166: 0 | Z166: 0 | AA166: 0 | AB166: 0 | AC166: 0 | AD166: 0 | AE166: 0 | AF166: 0 | AG166: 0 | AH166: 0 | AI166: 0 | AJ166: 0 | AK166: 0 | AL166: 0 | AM166: 0 | AN166: 0 | AO166: 0 | AP166: 0 | AQ166: 0 | AR166: 0 | AS166: 0 | AT166: 0 | AU166: 0 | AV166: 0 | AW166: 0 | AX166: 0 | AY166: 0 | AZ166: 0 | BA166: 0 | BB166: 0 | BC166: 0 | BD166: 0
A167: -5 | B167: เครื่องมือตรวจสอบการทำงานของ Bypass Diode | C167: 125000 | D167: 0 | E167: 0 | F167: 0 | G167: 0 | H167: 0 | I167: 0 | J167: 0 | K167: 0 | L167: 0 | M167: 0 | N167: 0 | O167: 0 | P167: 0 | Q167: 0 | R167: 0 | S167: 0 | T167: 0 | U167: 0 | V167: 0 | W167: 0 | X167: 0 | Y167: 0 | Z167: 0 | AA167: 0 | AB167: 0 | AC167: 0 | AD167: 0 | AE167: 0 | AF167: 0 | AG167: 0 | AH167: 0 | AI167: 0 | AJ167: 0 | AK167: 0 | AL167: 0 | AM167: 0 | AN167: 0 | AO167: 0 | AP167: 0 | AQ167: 0 | AR167: 0 | AS167: 0 | AT167: 0 | AU167: 0 | AV167: 0 | AW167: 0 | AX167: 0 | AY167: 0 | AZ167: 0 | BA167: 0 | BB167: 0 | BC167: 0 | BD167: 0
A168: -6 | B168: Multifunction Installation Tester | C168: 150000 | D168: 4 | E168: 0 | F168: 0 | G168: 0 | H168: 0 | I168: 0 | J168: 0 | K168: 0 | L168: 0 | M168: 0 | N168: 0 | O168: 0 | P168: 0 | Q168: 0 | R168: 0 | S168: 0 | T168: 0 | U168: 0 | V168: 0 | W168: 0 | X168: 0 | Y168: 0 | Z168: 0 | AA168: 0 | AB168: 4 | AC168: 0 | AD168: 600000 | AE168: 0 | AF168: 0 | AG168: 0 | AH168: 0 | AI168: 0 | AJ168: 0 | AK168: 0 | AL168: 0 | AM168: 0 | AN168: 0 | AO168: 0 | AP168: 0 | AQ168: 0 | AR168: 0 | AS168: 0 | AT168: 0 | AU168: 0 | AV168: 0 | AW168: 0 | AX168: 0 | AY168: 0 | AZ168: 0 | BA168: 0 | BB168: 600000 | BC168: 0 | BD168: 600000
A169: -7 | B169: เครื่องวัดความต้านทานฉนวน ขนาด 5 kV DC (Insulation Resistance Tester) | C169: 190000 | D169: 4 | E169: 0 | F169: 0 | G169: 0 | H169: 0 | I169: 0 | J169: 0 | K169: 0 | L169: 0 | M169: 0 | N169: 0 | O169: 0 | P169: 0 | Q169: 0 | R169: 0 | S169: 0 | T169: 0 | U169: 0 | V169: 0 | W169: 0 | X169: 0 | Y169: 0 | Z169: 0 | AA169: 0 | AB169: 4 | AC169: 0 | AD169: 760000 | AE169: 0 | AF169: 0 | AG169: 0 | AH169: 0 | AI169: 0 | AJ169: 0 | AK169: 0 | AL169: 0 | AM169: 0 | AN169: 0 | AO169: 0 | AP169: 0 | AQ169: 0 | AR169: 0 | AS169: 0 | AT169: 0 | AU169: 0 | AV169: 0 | AW169: 0 | AX169: 0 | AY169: 0 | AZ169: 0 | BA169: 0 | BB169: 760000 | BC169: 0 | BD169: 760000
A170: -8 | B170: Digital Power Meter 1, 3 Phase | C170: 200000 | D170: 4 | E170: 0 | F170: 0 | G170: 0 | H170: 0 | I170: 0 | J170: 0 | K170: 0 | L170: 0 | M170: 0 | N170: 0 | O170: 0 | P170: 0 | Q170: 0 | R170: 0 | S170: 0 | T170: 0 | U170: 0 | V170: 0 | W170: 0 | X170: 0 | Y170: 0 | Z170: 0 | AA170: 0 | AB170: 4 | AC170: 0 | AD170: 800000 | AE170: 0 | AF170: 0 | AG170: 0 | AH170: 0 | AI170: 0 | AJ170: 0 | AK170: 0 | AL170: 0 | AM170: 0 | AN170: 0 | AO170: 0 | AP170: 0 | AQ170: 0 | AR170: 0 | AS170: 0 | AT170: 0 | AU170: 0 | AV170: 0 | AW170: 0 | AX170: 0 | AY170: 0 | AZ170: 0 | BA170: 0 | BB170: 800000 | BC170: 0 | BD170: 800000
A171: -9 | B171: เครื่องวัดความต้านทานหน้าสัมผัส ขนาด 10 A แบบพกพา (Micro-Ohm Meter) | C171: 225000 | D171: 4 | E171: 0 | F171: 0 | G171: 0 | H171: 0 | I171: 0 | J171: 0 | K171: 0 | L171: 0 | M171: 0 | N171: 0 | O171: 0 | P171: 0 | Q171: 0 | R171: 0 | S171: 0 | T171: 0 | U171: 0 | V171: 0 | W171: 0 | X171: 0 | Y171: 0 | Z171: 0 | AA171: 0 | AB171: 4 | AC171: 0 | AD171: 900000 | AE171: 0 | AF171: 0 | AG171: 0 | AH171: 0 | AI171: 0 | AJ171: 0 | AK171: 0 | AL171: 0 | AM171: 0 | AN171: 0 | AO171: 0 | AP171: 0 | AQ171: 0 | AR171: 0 | AS171: 0 | AT171: 0 | AU171: 0 | AV171: 0 | AW171: 0 | AX171: 0 | AY171: 0 | AZ171: 0 | BA171: 0 | BB171: 900000 | BC171: 0 | BD171: 900000
A172: -10 | B172: เครื่องวัดฮาร์มอนิกส์ แบบมือถือ (Handheld Hamonic Analyzer) | C172: 250000 | D172: 4 | E172: 0 | F172: 0 | G172: 0 | H172: 0 | I172: 0 | J172: 0 | K172: 0 | L172: 0 | M172: 0 | N172: 0 | O172: 0 | P172: 0 | Q172: 0 | R172: 0 | S172: 0 | T172: 0 | U172: 0 | V172: 0 | W172: 0 | X172: 0 | Y172: 0 | Z172: 0 | AA172: 0 | AB172: 4 | AC172: 0 | AD172: 1000000 | AE172: 0 | AF172: 0 | AG172: 0 | AH172: 0 | AI172: 0 | AJ172: 0 | AK172: 0 | AL172: 0 | AM172: 0 | AN172: 0 | AO172: 0 | AP172: 0 | AQ172: 0 | AR172: 0 | AS172: 0 | AT172: 0 | AU172: 0 | AV172: 0 | AW172: 0 | AX172: 0 | AY172: 0 | AZ172: 0 | BA172: 0 | BB172: 1000000 | BC172: 0 | BD172: 1000000
A173: -11 | B173: Photovoltaic Installation tester 15A 14 kW DC for 1000 V DC System | C173: 250000 | D173: 4 | E173: 0 | F173: 0 | G173: 0 | H173: 0 | I173: 0 | J173: 0 | K173: 0 | L173: 0 | M173: 0 | N173: 0 | O173: 0 | P173: 0 | Q173: 0 | R173: 0 | S173: 0 | T173: 0 | U173: 0 | V173: 0 | W173: 0 | X173: 0 | Y173: 0 | Z173: 0 | AA173: 0 | AB173: 4 | AC173: 0 | AD173: 1000000 | AE173: 0 | AF173: 0 | AG173: 0 | AH173: 0 | AI173: 0 | AJ173: 0 | AK173: 0 | AL173: 0 | AM173: 0 | AN173: 0 | AO173: 0 | AP173: 0 | AQ173: 0 | AR173: 0 | AS173: 0 | AT173: 0 | AU173: 0 | AV173: 0 | AW173: 0 | AX173: 0 | AY173: 0 | AZ173: 0 | BA173: 0 | BB173: 1000000 | BC173: 0 | BD173: 1000000
A174: -12 | B174: อากาศยานไร้คนขับติดกล้อง/กล้องถ่ายภาพความร้อนขนาดเล็ก (Drone with Thermal Imaging Camera Type I) | C174: 250000 | D174: 0 | E174: 0 | F174: 0 | G174: 0 | H174: 0 | I174: 0 | J174: 0 | K174: 0 | L174: 0 | M174: 0 | N174: 0 | O174: 0 | P174: 0 | Q174: 0 | R174: 0 | S174: 0 | T174: 0 | U174: 0 | V174: 0 | W174: 0 | X174: 0 | Y174: 0 | Z174: 0 | AA174: 0 | AB174: 0 | AC174: 0 | AD174: 0 | AE174: 0 | AF174: 0 | AG174: 0 | AH174: 0 | AI174: 0 | AJ174: 0 | AK174: 0 | AL174: 0 | AM174: 0 | AN174: 0 | AO174: 0 | AP174: 0 | AQ174: 0 | AR174: 0 | AS174: 0 | AT174: 0 | AU174: 0 | AV174: 0 | AW174: 0 | AX174: 0 | AY174: 0 | AZ174: 0 | BA174: 0 | BB174: 0 | BC174: 0 | BD174: 0
... A190: -28 | B190: Mobile X-Ray Fluorescence Measuring Instrument | C190: 3000000 | D190: 0 | E190: 0 | F190: 0 | G190: 0 | H190: 0 | I190: 0 | J190: 0 | K190: 0 | L190: 0 | M190: 0 | N190: 0 | O190: 0 | P190: 0 | Q190: 0 | R190: 0 | S190: 0 | T190: 0 | U190: 0 | V190: 0 | W190: 0 | X190: 0 | Y190: 0 | Z190: 0 | AA190: 0 | AB190: 0 | AC190: 0 | AD190: 0 | AE190: 0 | AF190: 0 | AG190: 0 | AH190: 0 | AI190: 0 | AJ190: 0 | AK190: 0 | AL190: 0 | AM190: 0 | AN190: 0 | AO190: 0 | AP190: 0 | AQ190: 0 | AR190: 0 | AS190: 0 | AT190: 0 | AU190: 0 | AV190: 0 | AW190: 0 | AX190: 0 | AY190: 0 | AZ190: 0 | BA190: 0 | BB190: 0 | BC190: 0 | BD190: 0
B191: รวมกลุ่มที่ 5 กลุ่มงานทดสอบและตรวจสอบมาตรฐาน [จำนวน 28 รายการ] | D191: 44 | E191: 0 | F191: 0 | G191: 0 | H191: 1 | I191: 0 | J191: 0 | K191: 0 | L191: 0 | M191: 0 | N191: 0 | O191: 0 | P191: 0 | Q191: 0 | R191: 4 | S191: 0 | T191: 0 | U191: 0 | V191: 0 | W191: 0 | X191: 0 | Y191: 0 | Z191: 0 | AA191: 0 | AB191: 49 | AC191: 0 | AD191: 17500000 | AE191: 0 | AF191: 0 | AG191: 0 | AH191: 250000 | AI191: 0 | AJ191: 0 | AK191: 0 | AL191: 0 | AM191: 0 | AN191: 0 | AO191: 0 | AP191: 0 | AQ191: 0 | AR191: 1355000 | AS191: 0 | AT191: 0 | AU191: 0 | AV191: 0 | AW191: 0 | AX191: 0 | AY191: 0 | AZ191: 0 | BA191: 0 | BB191: 19105000 | BC191: 0 | BD191: 19105000
A192: 6 | B192: กลุ่มงานบริการลูกค้าและจัดการคุณภาพไฟฟ้า
A193: -1 | B193: Multifunction Installation Tester | C193: 110000 | D193: 0 | E193: 0 | F193: 0 | G193: 0 | H193: 0 | I193: 0 | J193: 0 | K193: 0 | L193: 0 | M193: 0 | N193: 0 | O193: 0 | P193: 0 | Q193: 0 | R193: 0 | S193: 0 | T193: 0 | U193: 0 | V193: 0 | W193: 0 | X193: 0 | Y193: 0 | Z193: 0 | AA193: 0 | AB193: 0 | AC193: 0 | AD193: 0 | AE193: 0 | AF193: 0 | AG193: 0 | AH193: 0 | AI193: 0 | AJ193: 0 | AK193: 0 | AL193: 0 | AM193: 0 | AN193: 0 | AO193: 0 | AP193: 0 | AQ193: 0 | AR193: 0 | AS193: 0 | AT193: 0 | AU193: 0 | AV193: 0 | AW193: 0 | AX193: 0 | AY193: 0 | AZ193: 0 | BA193: 0 | BB193: 0 | BC193: 0 | BD193: 0
A194: -2 | B194: เครื่องวัดความต้านทานฉนวน ขนาด 5 kV DC (Insulation Resistance Tester) | C194: 190000 | D194: 0 | E194: 0 | F194: 0 | G194: 0 | H194: 0 | I194: 0 | J194: 0 | K194: 0 | L194: 0 | M194: 0 | N194: 0 | O194: 0 | P194: 0 | Q194: 0 | R194: 0 | S194: 0 | T194: 0 | U194: 0 | V194: 0 | W194: 0 | X194: 0 | Y194: 0 | Z194: 0 | AA194: 0 | AB194: 0 | AC194: 0 | AD194: 0 | AE194: 0 | AF194: 0 | AG194: 0 | AH194: 0 | AI194: 0 | AJ194: 0 | AK194: 0 | AL194: 0 | AM194: 0 | AN194: 0 | AO194: 0 | AP194: 0 | AQ194: 0 | AR194: 0 | AS194: 0 | AT194: 0 | AU194: 0 | AV194: 0 | AW194: 0 | AX194: 0 | AY194: 0 | AZ194: 0 | BA194: 0 | BB194: 0 | BC194: 0 | BD194: 0
A195: -3 | B195: Digital Power Meter 1, 3 Phase | C195: 200000 | D195: 0 | E195: 0 | F195: 0 | G195: 0 | H195: 0 | I195: 0 | J195: 0 | K195: 0 | L195: 0 | M195: 0 | N195: 0 | O195: 0 | P195: 0 | Q195: 0 | R195: 0 | S195: 0 | T195: 0 | U195: 0 | V195: 0 | W195: 0 | X195: 0 | Y195: 0 | Z195: 0 | AA195: 0 | AB195: 0 | AC195: 0 | AD195: 0 | AE195: 0 | AF195: 0 | AG195: 0 | AH195: 0 | AI195: 0 | AJ195: 0 | AK195: 0 | AL195: 0 | AM195: 0 | AN195: 0 | AO195: 0 | AP195: 0 | AQ195: 0 | AR195: 0 | AS195: 0 | AT195: 0 | AU195: 0 | AV195: 0 | AW195: 0 | AX195: 0 | AY195: 0 | AZ195: 0 | BA195: 0 | BB195: 0 | BC195: 0 | BD195: 0
A196: -4 | B196: เครื่องวัดความต้านทานหน้าสัมผัส ขนาด 10 A แบบพกพา (Micro-Ohm Meter) | C196: 225000 | D196: 0 | E196: 0 | F196: 0 | G196: 0 | H196: 0 | I196: 0 | J196: 0 | K196: 0 | L196: 0 | M196: 0 | N196: 0 | O196: 0 | P196: 0 | Q196: 0 | R196: 0 | S196: 0 | T196: 0 | U196: 0 | V196: 0 | W196: 1 | X196: 0 | Y196: 0 | Z196: 0 | AA196: 0 | AB196: 0 | AC196: 1 | AD196: 0 | AE196: 0 | AF196: 0 | AG196: 0 | AH196: 0 | AI196: 0 | AJ196: 0 | AK196: 0 | AL196: 0 | AM196: 0 | AN196: 0 | AO196: 0 | AP196: 0 | AQ196: 0 | AR196: 0 | AS196: 0 | AT196: 0 | AU196: 0 | AV196: 0 | AW196: 225000 | AX196: 0 | AY196: 0 | AZ196: 0 | BA196: 0 | BB196: 0 | BC196: 225000 | BD196: 225000
A197: -5 | B197: เครื่องวัดฮาร์มอนิกส์ แบบมือถือ (Handheld Hamonic Analyzer) | C197: 250000 | D197: 0 | E197: 0 | F197: 0 | G197: 0 | H197: 0 | I197: 0 | J197: 0 | K197: 0 | L197: 0 | M197: 0 | N197: 0 | O197: 0 | P197: 0 | Q197: 0 | R197: 0 | S197: 0 | T197: 1 | U197: 0 | V197: 2 | W197: 1 | X197: 0 | Y197: 0 | Z197: 0 | AA197: 0 | AB197: 3 | AC197: 1 | AD197: 0 | AE197: 0 | AF197: 0 | AG197: 0 | AH197: 0 | AI197: 0 | AJ197: 0 | AK197: 0 | AL197: 0 | AM197: 0 | AN197: 0 | AO197: 0 | AP197: 0 | AQ197: 0 | AR197: 0 | AS197: 0 | AT197: 250000 | AU197: 0 | AV197: 500000 | AW197: 250000 | AX197: 0 | AY197: 0 | AZ197: 0 | BA197: 0 | BB197: 750000 | BC197: 250000 | BD197: 1000000
A198: -6 | B198: กล้องถ่ายภาพความร้อน ความละเอียด 320x240 Pixels (Thermal Imaging Camera) | C198: 460000 | D198: 1 | E198: 0 | F198: 0 | G198: 0 | H198: 0 | I198: 0 | J198: 0 | K198: 0 | L198: 0 | M198: 0 | N198: 1 | O198: 0 | P198: 0 | Q198: 0 | R198: 0 | S198: 0 | T198: 1 | U198: 0 | V198: 1 | W198: 2 | X198: 0 | Y198: 0 | Z198: 0 | AA198: 0 | AB198: 4 | AC198: 2 | AD198: 460000 | AE198: 0 | AF198: 0 | AG198: 0 | AH198: 0 | AI198: 0 | AJ198: 0 | AK198: 0 | AL198: 0 | AM198: 0 | AN198: 460000 | AO198: 0 | AP198: 0 | AQ198: 0 | AR198: 0 | AS198: 0 | AT198: 460000 | AU198: 0 | AV198: 460000 | AW198: 920000 | AX198: 0 | AY198: 0 | AZ198: 0 | BA198: 0 | BB198: 1840000 | BC198: 920000 | BD198: 2760000
A199: -7 | B199: เครื่องวัดคุณภาพไฟฟ้า (Disturbance Analyzer) | C199: 700000 | D199: 0 | E199: 0 | F199: 0 | G199: 0 | H199: 0 | I199: 0 | J199: 0 | K199: 0 | L199: 0 | M199: 0 | N199: 0 | O199: 0 | P199: 0 | Q199: 0 | R199: 0 | S199: 0 | T199: 1 | U199: 0 | V199: 2 | W199: 0 | X199: 0 | Y199: 0 | Z199: 0 | AA199: 0 | AB199: 0 | AC199: 0 | AD199: 0 | AE199: 0 | AF199: 0 | AG199: 0 | AH199: 0 | AI199: 0 | AJ199: 0 | AK199: 0 | AL199: 0 | AM199: 0 | AN199: 0 | AO199: 0 | AP199: 0 | AQ199: 0 | AR199: 0 | AS199: 0 | AT199: 700000 | AU199: 0 | AV199: 1400000 | AW199: 0 | AX199: 0 | AY199: 0 | AZ199: 0 | BA199: 0 | BB199: 2100000 | BC199: 0 | BD199: 2100000
B200: รวมกลุ่มที่ 6 กลุ่มงานบริการลูกค้าและจัดการคุณภาพไฟฟ้า [จำนวน 7 รายการ] | D200: 1 | E200: 0 | F200: 0 | G200: 0 | H200: 0 | I200: 0 | J200: 0 | K200: 0 | L200: 0 | M200: 0 | N200: 1 | O200: 0 | P200: 0 | Q200: 0 | R200: 0 | S200: 0 | T200: 3 | U200: 0 | V200: 5 | W200: 4 | X200: 0 | Y200: 0 | Z200: 0 | AA200: 0 | AB200: 7 | AC200: 4 | AD200: 460000 | AE200: 0 | AF200: 0 | AG200: 0 | AH200: 0 | AI200: 0 | AJ200: 0 | AK200: 0 | AL200: 0 | AM200: 0 | AN200: 460000 | AO200: 0 | AP200: 0 | AQ200: 0 | AR200: 0 | AS200: 0 | AT200: 1410000 | AU200: 0 | AV200: 2360000 | AW200: 1395000 | AX200: 0 | AY200: 0 | AZ200: 0 | BA200: 0 | BB200: 4690000 | BC200: 1395000 | BD200: 6085000
A201: 7 | B201: กลุ่มงานมิเตอร์และหม้อแปลง
A202: -1 | B202: ชุดเครื่องมือสำหรับงานตรวจสอบความเที่ยงตรงของมิเตอร์ (จำนวน 4 รายการ) | C202: 200000 | D202: 0 | E202: 0 | F202: 0 | G202: 0 | H202: 0 | I202: 0 | J202: 0 | K202: 0 | L202: 0 | M202: 0 | N202: 0 | O202: 0 | P202: 0 | Q202: 0 | R202: 0 | S202: 0 | T202: 0 | U202: 0 | V202: 0 | W202: 0 | X202: 0 | Y202: 0 | Z202: 1 | AA202: 0 | AB202: 1 | AC202: 0 | AD202: 0 | AE202: 0 | AF202: 0 | AG202: 0 | AH202: 0 | AI202: 0 | AJ202: 0 | AK202: 0 | AL202: 0 | AM202: 0 | AN202: 0 | AO202: 0 | AP202: 0 | AQ202: 0 | AR202: 0 | AS202: 0 | AT202: 0 | AU202: 0 | AV202: 0 | AW202: 0 | AX202: 0 | AY202: 0 | AZ202: 200000 | BA202: 0 | BB202: 200000 | BC202: 0 | BD202: 200000
A203: -2 | B203: ชุดเครื่องมือสำหรับชุดงานบำรุงรักษาหม้อแปลง (จำนวน 18 รายการ) | C203: 225000 | D203: 0 | E203: 0 | F203: 0 | G203: 0 | H203: 0 | I203: 0 | J203: 0 | K203: 0 | L203: 0 | M203: 0 | N203: 0 | O203: 0 | P203: 0 | Q203: 0 | R203: 0 | S203: 0 | T203: 0 | U203: 0 | V203: 0 | W203: 0 | X203: 0 | Y203: 0 | Z203: 0 | AA203: 0 | AB203: 0 | AC203: 0 | AD203: 0 | AE203: 0 | AF203: 0 | AG203: 0 | AH203: 0 | AI203: 0 | AJ203: 0 | AK203: 0 | AL203: 0 | AM203: 0 | AN203: 0 | AO203: 0 | AP203: 0 | AQ203: 0 | AR203: 0 | AS203: 0 | AT203: 0 | AU203: 0 | AV203: 0 | AW203: 0 | AX203: 0 | AY203: 0 | AZ203: 0 | BA203: 0 | BB203: 0 | BC203: 0 | BD203: 0
A204: -3 | B204: ชุดเครื่องมือสำหรับงานถอดประกอบหม้อแปลง (จำนวน 24 รายการ) | C204: 450000 | D204: 0 | E204: 0 | F204: 0 | G204: 0 | H204: 0 | I204: 0 | J204: 0 | K204: 0 | L204: 0 | M204: 0 | N204: 0 | O204: 0 | P204: 0 | Q204: 0 | R204: 0 | S204: 0 | T204: 0 | U204: 0 | V204: 0 | W204: 0 | X204: 0 | Y204: 0 | Z204: 0 | AA204: 0 | AB204: 0 | AC204: 0 | AD204: 0 | AE204: 0 | AF204: 0 | AG204: 0 | AH204: 0 | AI204: 0 | AJ204: 0 | AK204: 0 | AL204: 0 | AM204: 0 | AN204: 0 | AO204: 0 | AP204: 0 | AQ204: 0 | AR204: 0 | AS204: 0 | AT204: 0 | AU204: 0 | AV204: 0 | AW204: 0 | AX204: 0 | AY204: 0 | AZ204: 0 | BA204: 0 | BB204: 0 | BC204: 0 | BD204: 0
A205: -4 | B205: ชุดเครื่องมือสำหรับชุดงานปรับปรุงสภาพน้ำมันหม้อแปลง (จำนวน 2 รายการ) | C205: 450000 | D205: 0 | E205: 0 | F205: 0 | G205: 0 | H205: 0 | I205: 0 | J205: 0 | K205: 0 | L205: 0 | M205: 0 | N205: 0 | O205: 0 | P205: 0 | Q205: 0 | R205: 0 | S205: 0 | T205: 0 | U205: 0 | V205: 0 | W205: 0 | X205: 0 | Y205: 0 | Z205: 0 | AA205: 0 | AB205: 0 | AC205: 0 | AD205: 0 | AE205: 0 | AF205: 0 | AG205: 0 | AH205: 0 | AI205: 0 | AJ205: 0 | AK205: 0 | AL205: 0 | AM205: 0 | AN205: 0 | AO205: 0 | AP205: 0 | AQ205: 0 | AR205: 0 | AS205: 0 | AT205: 0 | AU205: 0 | AV205: 0 | AW205: 0 | AX205: 0 | AY205: 0 | AZ205: 0 | BA205: 0 | BB205: 0 | BC205: 0 | BD205: 0
A206: -5 | B206: Three Channel Wireless HV CT Ratio Tester | C206: 150000 | D206: 0 | E206: 0 | F206: 0 | G206: 0 | H206: 0 | I206: 0 | J206: 0 | K206: 0 | L206: 0 | M206: 0 | N206: 0 | O206: 0 | P206: 0 | Q206: 0 | R206: 0 | S206: 0 | T206: 0 | U206: 0 | V206: 0 | W206: 0 | X206: 0 | Y206: 0 | Z206: 0 | AA206: 0 | AB206: 0 | AC206: 0 | AD206: 0 | AE206: 0 | AF206: 0 | AG206: 0 | AH206: 0 | AI206: 0 | AJ206: 0 | AK206: 0 | AL206: 0 | AM206: 0 | AN206: 0 | AO206: 0 | AP206: 0 | AQ206: 0 | AR206: 0 | AS206: 0 | AT206: 0 | AU206: 0 | AV206: 0 | AW206: 0 | AX206: 0 | AY206: 0 | AZ206: 0 | BA206: 0 | BB206: 0 | BC206: 0 | BD206: 0
A207: -6 | B207: เครื่องวัดความต้านทานฉนวน ขนาด 5 kV DC (Insulation Resistance Tester) | C207: 190000 | D207: 0 | E207: 0 | F207: 0 | G207: 0 | H207: 0 | I207: 0 | J207: 0 | K207: 0 | L207: 0 | M207: 0 | N207: 0 | O207: 0 | P207: 0 | Q207: 0 | R207: 0 | S207: 0 | T207: 0 | U207: 0 | V207: 0 | W207: 0 | X207: 0 | Y207: 0 | Z207: 0 | AA207: 1 | AB207: 0 | AC207: 1 | AD207: 0 | AE207: 0 | AF207: 0 | AG207: 0 | AH207: 0 | AI207: 0 | AJ207: 0 | AK207: 0 | AL207: 0 | AM207: 0 | AN207: 0 | AO207: 0 | AP207: 0 | AQ207: 0 | AR207: 0 | AS207: 0 | AT207: 0 | AU207: 0 | AV207: 0 | AW207: 0 | AX207: 0 | AY207: 0 | AZ207: 0 | BA207: 190000 | BB207: 0 | BC207: 190000 | BD207: 190000
A208: -7 | B208: ปั๊มน้ำร้อนแรงดันสูงขนาดแรงดันไม่ต่ำกว่า 150 Bar | C208: 200000 | D208: 0 | E208: 0 | F208: 0 | G208: 0 | H208: 0 | I208: 0 | J208: 0 | K208: 0 | L208: 0 | M208: 0 | N208: 0 | O208: 0 | P208: 0 | Q208: 0 | R208: 0 | S208: 0 | T208: 0 | U208: 0 | V208: 0 | W208: 0 | X208: 0 | Y208: 0 | Z208: 0 | AA208: 0 | AB208: 0 | AC208: 0 | AD208: 0 | AE208: 0 | AF208: 0 | AG208: 0 | AH208: 0 | AI208: 0 | AJ208: 0 | AK208: 0 | AL208: 0 | AM208: 0 | AN208: 0 | AO208: 0 | AP208: 0 | AQ208: 0 | AR208: 0 | AS208: 0 | AT208: 0 | AU208: 0 | AV208: 0 | AW208: 0 | AX208: 0 | AY208: 0 | AZ208: 0 | BA208: 0 | BB208: 0 | BC208: 0 | BD208: 0
A209: -8 | B209: เครื่องวัดอัตราส่วนขดลวดของหม้อแปลง ชนิด 1 Phase (Transformer Turns Ratio Tester) | C209: 200000 | D209: 0 | E209: 0 | F209: 0 | G209: 0 | H209: 0 | I209: 0 | J209: 0 | K209: 0 | L209: 0 | M209: 0 | N209: 0 | O209: 0 | P209: 0 | Q209: 0 | R209: 0 | S209: 0 | T209: 0 | U209: 0 | V209: 0 | W209: 0 | X209: 0 | Y209: 0 | Z209: 0 | AA209: 0 | AB209: 0 | AC209: 0 | AD209: 0 | AE209: 0 | AF209: 0 | AG209: 0 | AH209: 0 | AI209: 0 | AJ209: 0 | AK209: 0 | AL209: 0 | AM209: 0 | AN209: 0 | AO209: 0 | AP209: 0 | AQ209: 0 | AR209: 0 | AS209: 0 | AT209: 0 | AU209: 0 | AV209: 0 | AW209: 0 | AX209: 0 | AY209: 0 | AZ209: 0 | BA209: 0 | BB209: 0 | BC209: 0 | BD209: 0
A210: -9 | B210: เครื่องมือทดสอบน้ำมันหม้อแปลงชนิดเคลื่อนที่ได้ ขนาด 0-60 kV (Portable Oil Tester) | C210: 400000 | D210: 0 | E210: 0 | F210: 0 | G210: 0 | H210: 0 | I210: 0 | J210: 0 | K210: 0 | L210: 0 | M210: 0 | N210: 0 | O210: 0 | P210: 0 | Q210: 0 | R210: 0 | S210: 0 | T210: 0 | U210: 0 | V210: 0 | W210: 0 | X210: 0 | Y210: 0 | Z210: 0 | AA210: 1 | AB210: 0 | AC210: 1 | AD210: 0 | AE210: 0 | AF210: 0 | AG210: 0 | AH210: 0 | AI210: 0 | AJ210: 0 | AK210: 0 | AL210: 0 | AM210: 0 | AN210: 0 | AO210: 0 | AP210: 0 | AQ210: 0 | AR210: 0 | AS210: 0 | AT210: 0 | AU210: 0 | AV210: 0 | AW210: 0 | AX210: 0 | AY210: 0 | AZ210: 0 | BA210: 400000 | BB210: 0 | BC210: 400000 | BD210: 400000
A211: -10 | B211: ชุดตรวจสอบความเที่ยงตรงของมิเตอร์ (Three Phase Portable Standard Test Set) | C211: 450000 | D211: 0 | E211: 0 | F211: 0 | G211: 0 | H211: 0 | I211: 0 | J211: 0 | K211: 0 | L211: 0 | M211: 0 | N211: 0 | O211: 0 | P211: 0 | Q211: 0 | R211: 0 | S211: 0 | T211: 0 | U211: 0 | V211: 0 | W211: 0 | X211: 0 | Y211: 0 | Z211: 0 | AA211: 1 | AB211: 0 | AC211: 1 | AD211: 0 | AE211: 0 | AF211: 0 | AG211: 0 | AH211: 0 | AI211: 0 | AJ211: 0 | AK211: 0 | AL211: 0 | AM211: 0 | AN211: 0 | AO211: 0 | AP211: 0 | AQ211: 0 | AR211: 0 | AS211: 0 | AT211: 0 | AU211: 0 | AV211: 0 | AW211: 0 | AX211: 0 | AY211: 0 | AZ211: 0 | BA211: 450000 | BB211: 0 | BC211: 450000 | BD211: 450000
...

Sheet หมวดยานพาหนะ
A2: แผนงานจัดหายานพาหนะ 2568
A4: ที่ | B4: ประเภทยานพาหนะ | C4: กฟน.1 | E4: กฟน.2 | G4: กฟน.3 | I4: กฟฉ.1 | K4: กฟฉ.2 | M4: กฟฉ.3 | O4: กฟก.1 | Q4: กฟก.2 | S4: กฟก.3 | U4: กฟต.1 | W4: กฟต.2 | Y4: กฟต.3 | AA4: กฝช. | AB4: กกส. | AC4: กทอ. | AD4: ฝกร. | AE4: รวม (คัน) | AF4: ราคาต่อหน่วย (บาท) | AG4: วงเงินดำเนินการ (บาท) | AI4: คาดการณ์เบิกจ่าย แผนงานฯ ปี 2568
C5: เพิ่มเติม | D5: ทดแทน | E5: เพิ่มเติม | F5: ทดแทน | G5: เพิ่มเติม | H5: ทดแทน | I5: เพิ่มเติม | J5: ทดแทน | K5: เพิ่มเติม | L5: ทดแทน | M5: เพิ่มเติม | N5: ทดแทน | O5: เพิ่มเติม | P5: ทดแทน | Q5: เพิ่มเติม | R5: ทดแทน | S5: เพิ่มเติม | T5: ทดแทน | U5: เพิ่มเติม | V5: ทดแทน | W5: เพิ่มเติม | X5: ทดแทน | Y5: เพิ่มเติม | Z5: ทดแทน | AI5: ประเภทยานพาหนะ | AJ5: หน่วยงาน | AK5: เริ่มกระบวนการ | AL5: ขั้นตอนการจัดซื้อ/จัดจ้าง | AM5: ส่งของ (วัน) | AN5: ส่งงวด 1 | AO5: ส่งงวด 2 | AP5: ส่งงวด 3 | AQ5: เบิกจ่าย 1 | AR5: เบิกจ่าย 2 | AS5: เบิกจ่าย 3
A6: 1 | B6: รถบรรทุก 3 ตัน พร้อมตู้เก็บเครื่องมือ | C6: 0 | D6: 6 | E6: 0 | F6: 6 | G6: 0 | H6: 6 | I6: 0 | J6: 6 | K6: 0 | L6: 6 | M6: 0 | N6: 6 | O6: 0 | P6: 6 | Q6: 0 | R6: 6 | S6: 0 | T6: 6 | U6: 0 | V6: 6 | W6: 0 | X6: 6 | Y6: 0 | Z6: 6 | AA6: 0 | AB6: 0 | AC6: 0 | AD6: 0 | AE6: 72 | AF6: 1920000 | AG6: 138240000 | AI6: รถบรรทุก 3 ตัน พร้อมตู้เก็บเครื่องมือ | AJ6: กจพ.1 | AK6: ม.ค. 68 | AL6: 6 เดือน | AM6: 180 | AN6: ม.ค. 69 | AO6: มี.ค. 69 | AP6: พ.ค. 69 | AQ6: ก.พ. 69 | AR6: เม.ย. 69 | AS6: มิ.ย. 69 | AV6: 45658 | AW6: 180 | AX6: 180 | AY6: 46018
A7: 2 | B7: รถบรรทุก 4 ตัน ติดกระเช้า (Category C) | C7: 0 | D7: 5 | E7: 0 | F7: 6 | G7: 0 | H7: 5 | I7: 0 | J7: 4 | K7: 0 | L7: 3 | M7: 0 | N7: 4 | O7: 0 | P7: 7 | Q7: 0 | R7: 7 | S7: 0 | T7: 4 | U7: 0 | V7: 3 | W7: 0 | X7: 7 | Y7: 0 | Z7: 5 | AA7: 4 | AB7: 0 | AC7: 0 | AD7: 0 | AE7: 64 | AF7: 4130000 | AG7: 264320000 | AI7: รถบรรทุก 4 ตัน ติดกระเช้า (Category C) | AJ7: กจพ.2 | AK7: เม.ย. 68 | AL7: 8 เดือน | AM7: 360 | AN7: ธ.ค. 69 | AO7: ก.พ. 70 | AP7: เม.ย. 70 | AQ7: ม.ค. 70 | AR7: มี.ค. 70 | AS7: พ.ค. 70 | AV7: 45748 | AW7: 240 | AX7: 360 | AY7: 46348
A8: 3 | B8: รถบรรทุก 6 ตัน (ใช้งานคลังพัสดุ) | C8: 0 | D8: 8 | E8: 0 | F8: 7 | G8: 0 | H8: 7 | I8: 0 | J8: 8 | K8: 0 | L8: 6 | M8: 0 | N8: 6 | O8: 0 | P8: 13 | Q8: 0 | R8: 6 | S8: 0 | T8: 7 | U8: 0 | V8: 6 | W8: 0 | X8: 11 | Y8: 0 | Z8: 5 | AA8: 0 | AB8: 0 | AC8: 0 | AD8: 0 | AE8: 90 | AF8: 2110000 | AG8: 189900000 | AI8: รถบรรทุก 6 ตัน (ใช้งานคลังพัสดุ) | AJ8: กจพ.1 | AK8: ม.ค. 68 | AL8: 6 เดือน | AM8: 120 | AN8: พ.ย. 68 | AO8: ม.ค. 69 | AP8: มี.ค. 69 | AQ8: ธ.ค. 68 | AR8: ก.พ. 69 | AS8: เม.ย.69 | AV8: 45658 | AW8: 180 | AX8: 120 | AY8: 45958
A9: 4 | B9: รถกระเช้าฮอทไลน์ 22 เควี | C9: 0 | D9: 0 | E9: 0 | F9: 0 | G9: 0 | H9: 0 | I9: 0 | J9: 0 | K9: 0 | L9: 0 | M9: 0 | N9: 0 | O9: 0 | P9: 0 | Q9: 0 | R9: 0 | S9: 0 | T9: 0 | U9: 0 | V9: 0 | W9: 0 | X9: 0 | Y9: 0 | Z9: 0 | AA9: 15 | AB9: 0 | AC9: 0 | AD9: 0 | AE9: 15 | AF9: 11220000 | AG9: 168300000 | AI9: รถกระเช้าฮอทไลน์ 22 เควี | AJ9: กจพ.2 | AK9: เม.ย. 68 | AL9: 8 เดือน | AM9: 420 | AN9: ก.พ. 70 | AQ9: มี.ค. 70 | AV9: 45748 | AW9: 240 | AX9: 420 | AY9: 46408
A10: 5 | B10: รถบริการด้านฮอทไลน์ | C10: 0 | D10: 0 | E10: 0 | F10: 0 | G10: 0 | H10: 0 | I10: 0 | J10: 0 | K10: 0 | L10: 0 | M10: 0 | N10: 0 | O10: 0 | P10: 0 | Q10: 0 | R10: 0 | S10: 0 | T10: 0 | U10: 0 | V10: 0 | W10: 0 | X10: 0 | Y10: 0 | Z10: 0 | AA10: 6 | AB10: 0 | AC10: 0 | AD10: 0 | AE10: 6 | AF10: 2450000 | AG10: 14700000 | AI10: รถบริการด้านฮอทไลน์ | AJ10: กจพ.2 | AK10: ม.ค. 68 | AL10: 6 เดือน | AM10: 180 | AN10: ม.ค. 69 | AQ10: ก.พ. 69 | AV10: 45658 | AW10: 180 | AX10: 180 | AY10: 46018
A11: 6 | B11: รถเครน ขนาด 35 ตัน | C11: 0 | D11: 0 | E11: 0 | F11: 0 | G11: 0 | H11: 0 | I11: 0 | J11: 0 | K11: 0 | L11: 0 | M11: 0 | N11: 0 | O11: 0 | P11: 0 | Q11: 0 | R11: 0 | S11: 0 | T11: 0 | U11: 0 | V11: 0 | W11: 0 | X11: 0 | Y11: 0 | Z11: 0 | AA11: 0 | AB11: 0 | AC11: 0 | AD11: 3 | AE11: 3 | AF11: 34100000 | AG11: 102300000 | AI11: รถเครน ขนาด 35 ตัน | AJ11: กจพ.2 | AK11: เม.ย. 68 | AL11: 8 เดือน | AM11: 420 | AN11: ก.พ. 70 | AQ11: มี.ค. 70 | AV11: 45748 | AW11: 240 | AX11: 420 | AY11: 46408
A12: 7 | B12: รถหัวลากติดเครน พร้อมรถกึ่งพ่วงแบบพื้นราบ (Flat Bed) แบบขยายความยาวได้ | C12: 0 | D12: 0 | E12: 0 | F12: 0 | G12: 0 | H12: 0 | I12: 0 | J12: 0 | K12: 0 | L12: 0 | M12: 0 | N12: 0 | O12: 0 | P12: 0 | Q12: 0 | R12: 0 | S12: 0 | T12: 0 | U12: 0 | V12: 0 | W12: 0 | X12: 0 | Y12: 0 | Z12: 0 | AA12: 0 | AB12: 0 | AC12: 0 | AD12: 9 | AE12: 9 | AF12: 13480000 | AG12: 121320000 | AI12: รถหัวลากติดเครน พร้อมรถกึ่งพ่วงแบบพื้นราบ (Flat Bed) แบบขยายความยาวได้ | AJ12: กจพ.2 | AK12: เม.ย. 68 | AL12: 8 เดือน | AM12: 360 | AN12: ธ.ค. 69 | AQ12: ม.ค. 70 | AV12: 45748 | AW12: 240 | AX12: 360 | AY12: 46348
A13: 8 | B13: รถบรรทุก 6 ตัน กระบะยาว | C13: 0 | D13: 0 | E13: 0 | F13: 0 | G13: 0 | H13: 0 | I13: 0 | J13: 0 | K13: 0 | L13: 0 | M13: 0 | N13: 0 | O13: 0 | P13: 0 | Q13: 0 | R13: 0 | S13: 0 | T13: 0 | U13: 0 | V13: 0 | W13: 0 | X13: 0 | Y13: 0 | Z13: 0 | AA13: 0 | AB13: 2 | AC13: 0 | AD13: 0 | AE13: 2 | AF13: 2110000 | AG13: 4220000 | AI13: รถบรรทุก 6 ตัน กระบะยาว | AJ13: กจพ.1 | AK13: ม.ค. 68 | AL13: 6 เดือน | AM13: 120 | AN13: พ.ย. 68 | AQ13: ธ.ค. 68 | AV13: 45658 | AW13: 180 | AX13: 120 | AY13: 45958
A14: 9 | B14: รถบรรทุก 6 ล้อติดเครนพับ พร้อมกระบะบรรทุกความยาว ไม่น้อยกว่า 6 เมตร พร้อมหลังคาเลื่อนเปิด - ปิด ได้ตลอด | C14: 0 | D14: 0 | E14: 0 | F14: 0 | G14: 0 | H14: 0 | I14: 0 | J14: 0 | K14: 0 | L14: 0 | M14: 0 | N14: 0 | O14: 0 | P14: 0 | Q14: 0 | R14: 0 | S14: 0 | T14: 0 | U14: 0 | V14: 0 | W14: 0 | X14: 0 | Y14: 0 | Z14: 0 | AA14: 0 | AB14: 0 | AC14: 1 | AD14: 0 | AE14: 1 | AF14: 3680000 | AG14: 3680000 | AI14: รถบรรทุก 6 ล้อติดเครนพับ พร้อมกระบะบรรทุกความยาว ไม่น้อยกว่า 6 เมตร พร้อมหลังคาเลื่อนเปิด - ปิด ได้ตลอด | AJ14: กจพ.2 | AK14: เม.ย. 68 | AL14: 8 เดือน | AM14: 360 | AN14: ธ.ค. 69 | AQ14: ม.ค. 70 | AV14: 45748 | AW14: 240 | AX14: 360 | AY14: 46348
A15: 10 | B15: รถขุดเจาะ 4x4 | C15: 0 | D15: 0 | E15: 0 | F15: 0 | G15: 0 | H15: 0 | I15: 0 | J15: 0 | K15: 0 | L15: 0 | M15: 0 | N15: 0 | O15: 0 | P15: 0 | Q15: 0 | R15: 0 | S15: 0 | T15: 0 | U15: 0 | V15: 0 | W15: 0 | X15: 0 | Y15: 0 | Z15: 0 | AA15: 0 | AB15: 0 | AC15: 0 | AD15: 2 | AE15: 2 | AF15: 14900000 | AG15: 29800000 | AI15: รถขุดเจาะ 4x4 | AJ15: กจพ.2 | AK15: เม.ย. 68 | AL15: 8 เดือน | AM15: 360 | AN15: ธ.ค. 69 | AQ15: ม.ค. 70 | AV15: 45748 | AW15: 240 | AX15: 360 | AY15: 46348
B16: รวม | C16: 19 | E16: 19 | G16: 18 | I16: 18 | K16: 15 | M16: 16 | O16: 26 | Q16: 19 | S16: 17 | U16: 15 | W16: 24 | Y16: 16 | AA16: 25 | AB16: 2 | AC16: 1 | AD16: 14 | AE16: 264 | AG16: 1036780000
A18: ภาพรวมแผนงานจัดหายานพาหนะ 2569
A20: ที่ | B20: ประเภทยานพาหนะ | C20: กฟน.1 | E20: กฟน.2 | G20: กฟน.3 | I20: กฟฉ.1 | K20: กฟฉ.2 | M20: กฟฉ.3 | O20: กฟก.1 | Q20: กฟก.2 | S20: กฟก.3 | U20: กฟต.1 | W20: กฟต.2 | Y20: กฟต.3 | AA20: กฝช. | AB20: กกส. | AC20: กทอ. | AD20: ฝกร. | AE20: รวม (คัน) | AF20: ราคาต่อหน่วย (บาท) | AG20: วงเงินดำเนินการ (บาท) | AI20: คาดการณ์เบิกจ่าย แผนงานฯ ปี 2569
C21: เพิ่มเติม | D21: ทดแทน | E21: เพิ่มเติม | F21: ทดแทน | G21: เพิ่มเติม | H21: ทดแทน | I21: เพิ่มเติม | J21: ทดแทน | K21: เพิ่มเติม | L21: ทดแทน | M21: เพิ่มเติม | N21: ทดแทน | O21: เพิ่มเติม | P21: ทดแทน | Q21: เพิ่มเติม | R21: ทดแทน | S21: เพิ่มเติม | T21: ทดแทน | U21: เพิ่มเติม | V21: ทดแทน | W21: เพิ่มเติม | X21: ทดแทน | Y21: เพิ่มเติม | Z21: ทดแทน | AI21: ประเภทยานพาหนะ | AJ21: หน่วยงาน | AK21: เริ่มกระบวนการ | AL21: ขั้นตอนการจัดซื้อ/จัดจ้าง | AM21: ส่งของ (วัน) | AN21: ส่งงวด 1 | AO21: ส่งงวด 2 | AP21: ส่งงวด 3 | AQ21: เบิกจ่าย 1 | AR21: เบิกจ่าย 2 | AS21: เบิกจ่าย 3
A22: 1 | B22: รถบรรทุก 3 ตัน | C22: 0 | D22: 9 | E22: 0 | F22: 6 | G22: 0 | H22: 9 | I22: 0 | J22: 9 | K22: 0 | L22: 10 | M22: 0 | N22: 9 | O22: 0 | P22: 10 | Q22: 0 | R22: 8 | S22: 0 | T22: 10 | U22: 0 | V22: 5 | W22: 0 | X22: 8 | Y22: 0 | Z22: 7 | AA22: 0 | AB22: 0 | AC22: 0 | AD22: 18 | AE22: 118 | AF22: 1130000 | AG22: 133340000 | AI22: รถบรรทุก 3 ตัน | AJ22: กจพ.1 | AK22: ม.ค. 69 | AL22: 6 เดือน | AM22: 120 | AN22: พ.ย. 69 | AO22: ม.ค. 70 | AP22: มี.ค. 70 | AQ22: ธ.ค. 69 | AR22: ก.พ. 70 | AS22: เม.ย. 70 | AV22: 46023 | AW22: 180 | AX22: 120 | AY22: 46323
A23: 2 | B23: รถบรรทุก 6 ตัน ติดเครนพับ | C23: 0 | D23: 6 | E23: 0 | F23: 3 | G23: 0 | H23: 3 | I23: 0 | J23: 6 | K23: 0 | L23: 5 | M23: 0 | N23: 8 | O23: 0 | P23: 6 | Q23: 0 | R23: 3 | S23: 0 | T23: 7 | U23: 0 | V23: 3 | W23: 0 | X23: 7 | Y23: 0 | Z23: 3 | AA23: 0 | AB23: 1 | AC23: 0 | AD23: 0 | AE23: 61 | AF23: 3480000 | AG23: 212280000 | AI23: รถบรรทุก 6 ตัน ติดเครนพับ | AJ23: กจพ.2 | AK23: เม.ย. 69 | AL23: 8 เดือน | AM23: 360 | AN23: ธ.ค. 70 | AO23: ก.พ. 71 | AP23: เม.ย. 71 | AQ23: ม.ค. 71 | AR23: มี.ค. 71 | AS23: พ.ค. 71 | AV23: 46113 | AW23: 240 | AX23: 360 | AY23: 46713
A24: 3 | B24: รถเครน ขนาด 35 ตัน | C24: 0 | D24: 1 | E24: 0 | F24: 0 | G24: 0 | H24: 1 | I24: 0 | J24: 1 | K24: 0 | L24: 0 | M24: 0 | N24: 0 | O24: 0 | P24: 1 | Q24: 0 | R24: 1 | S24: 0 | T24: 0 | U24: 0 | V24: 1 | W24: 0 | X24: 0 | Y24: 0 | Z24: 0 | AA24: 0 | AB24: 0 | AC24: 0 | AD24: 0 | AE24: 6 | AF24: 34100000 | AG24: 204600000 | AI24: รถเครน ขนาด 35 ตัน | AJ24: กจพ.2 | AK24: เม.ย. 69 | AL24: 8 เดือน | AM24: 420 | AN24: ก.พ. 71 | AQ24: มี.ค. 71 | AV24: 46113 | AW24: 240 | AX24: 420 | AY24: 46773
A25: 4 | B25: รถเครนตีนตะขาบ พร้อมหัวสว่าน | C25: 0 | D25: 0 | E25: 0 | F25: 0 | G25: 0 | H25: 0 | I25: 0 | J25: 0 | K25: 0 | L25: 0 | M25: 0 | N25: 0 | O25: 0 | P25: 0 | Q25: 0 | R25: 0 | S25: 0 | T25: 0 | U25: 0 | V25: 0 | W25: 0 | X25: 0 | Y25: 0 | Z25: 0 | AA25: 0 | AB25: 0 | AC25: 0 | AD25: 1 | AE25: 1 | AF25: 40000000 | AG25: 40000000 | AI25: รถเครนตีนตะขาบ พร้อมหัวสว่าน | AJ25: กจพ.2 | AK25: เม.ย. 69 | AL25: 8 เดือน | AM25: 360 | AN25: ธ.ค. 70 | AQ25: ม.ค. 71 | AV25: 46113 | AW25: 240 | AX25: 360 | AY25: 46713
